filename,num_makeup_region,num_extra_region,num_surplus_region,makeup_time,extra_time,surplus_time,subregion_time,num_subregion_with_annot,skip_silence_overlap_hour,skip_time,silence_time,silence_raw_hour,end_time,total_listen_time,positions,ranks,subregion_raw_hour,num_raw_subregion,annotation_counts_raw
01_06_sparse_code.cha,0,0,0,0,0,0,0,0,0,23736050,0,5.86,57599990,33863940,[],[],0.0,0.0,[]
01_07_sparse_code.cha,0,0,0,0,0,0,0,0,0,737060,22274360,6.19,57599990,34588570,[],[],0.0,0.0,[]
01_08_sparse_code.cha,0,1,3,0,300240,9684580,14400000,4,0,0,18112170,5.03,57599990,14700240,"['1', '2', '3', '4', '5']","['1', '5', '2', '4', '3']",5.0,5.0,"[137, 58, 37, 65, 51]"
01_09_sparse_code.cha,0,0,2,0,0,2589970,14400000,4,0,0,5491670,1.53,57599990,14400000,"['1', '2', '3', '4', '5']","['5', '2', '3', '4', '1']",5.0,5.0,"[0, 67, 182, 61, 38]"
01_10_sparse_code.cha,0,0,1,0,0,873640,14400000,4,0,0,12890497,3.58,57599990,14400000,"['1', '2', '3', '4', '5']","['2', '5', '4', '3', '1']",5.0,5.0,"[226, 27, 132, 280, 89]"
01_11_sparse_code.cha,0,0,0,0,0,0,14400000,4,0,0,3147380,0.87,57599990,14400000,"['1', '2', '3', '4', '5']","['3', '2', '1', '4', '5']",5.0,5.0,"[227, 129, 103, 139, 0]"
01_12_sparse_code.cha,0,0,0,0,0,0,14400000,4,0,0,4032590,1.12,57599990,14400000,"['1', '2', '3', '4', '5']","['2', '4', '1', '5', '3']",5.0,5.0,"[171, 89, 163, 0, 171]"
01_13_sparse_code.cha,1,0,0,139570,0,0,14273130,4,0,134540,613690,0.17,57599990,14412700,"['1', '2', '3', '4', '5']","['5', '1', '4', '2', '3']",5.0,5.0,"[3, 135, 37, 128, 59]"
01_14_sparse_code.cha,0,0,0,0,0,0,10799999,3,0,0,16995650,4.72,57599990,10799999,"['1', '2', '3', '4', '5']","['2', '3', '1', '5', '4']",5.0,5.0,"[127, 135, 28, 0, 0]"
01_15_sparse_code.cha,0,0,0,0,0,0,10800000,3,0,0,14022770,3.9,57599990,10800000,"['1', '2', '3', '4', '5']","['2', '4', '1', '3', '5']",5.0,5.0,"[141, 0, 146, 247, 0]"
01_16_sparse_code.cha,0,0,0,0,0,0,10800000,3,0,0,19386630,5.39,57599990,10800000,"['1', '2', '3', '4', '5']","['1', '3', '5', '4', '2']",5.0,5.0,"[156, 117, 0, 0, 111]"
01_17_sparse_code.cha,0,0,0,0,0,0,10800000,3,0,0,22809980,6.34,57599990,10800000,"['1', '2', '3', '4', '5']","['1', '3', '2', '5', '4']",5.0,5.0,"[143, 174, 166, 0, 0]"
02_06_sparse_code.cha,0,0,0,0,0,0,0,0,0,26850050,1879780,7.23,57599990,28870160,[],[],0.0,0.0,[]
02_07_sparse_code.cha,0,0,0,0,0,0,0,0,0,0,25298570,7.03,57599990,32301420,[],[],0.0,0.0,[]
02_08_sparse_code.cha,0,0,3,0,0,6680180,14400000,4,0,0,20204230,5.61,57599990,14400000,"['1', '2', '3', '4', '5']","['2', '4', '1', '3', '5']",5.0,5.0,"[117, 112, 70, 56, 67]"
02_09_sparse_code.cha,0,0,3,0,0,4384350,14400000,4,0,0,25065570,6.96,57599990,14400000,"['1', '2', '3', '4', '5']","['2', '5', '4', '3', '1']",5.0,5.0,"[157, 0, 134, 72, 61]"
02_10_sparse_code.cha,1,1,0,2836050,1200030,0,10374500,4,0,4260630,13861030,3.85,57599990,14410580,"['1', '2', '3', '4', '5']","['4', '3', '1', '2', '5']",5.0,5.0,"[26, 41, 18, 68, 89]"
02_11_sparse_code.cha,1,0,0,1227860,0,0,13296350,4,0,1092660,15089490,4.19,57599990,14524210,"['1', '2', '3', '4', '5']","['1', '5', '4', '2', '3']",5.0,5.0,"[84, 36, 72, 89, 169]"
02_12_sparse_code.cha,1,1,0,141460,1097850,0,13984520,4,0,0,32131370,8.93,57599990,15223830,"['1', '2', '3', '4', '5']","['3', '2', '1', '5', '4']",5.0,5.0,"[182, 137, 146, 2, 61]"
02_13_sparse_code.cha,1,0,0,537890,0,0,13873750,4,0,526250,11999550,3.33,57599990,14411640,"['1', '2', '3', '4', '5']","['4', '1', '2', '3', '5']",5.0,5.0,"[164, 106, 116, 135, 3]"
02_14_sparse_code.cha,0,0,0,0,0,0,10800000,3,0,0,27198720,7.56,57599990,10800000,"['1', '2', '3', '4', '5']","['1', '4', '2', '5', '3']",5.0,5.0,"[88, 0, 60, 0, 163]"
02_15_sparse_code.cha,0,0,0,0,0,0,10655430,3,0,0,28888190,8.02,57599990,10655430,"['1', '2', '3', '4', '5']","['3', '2', '4', '5', '1']",5.0,5.0,"[94, 139, 0, 0, 131]"
02_16_sparse_code.cha,0,0,0,0,0,0,10800000,3,0,0,22833380,6.34,57599990,10800000,"['1', '2', '3', '4', '5']","['4', '5', '1', '3', '2']",5.0,5.0,"[0, 0, 120, 260, 134]"
02_17_sparse_code.cha,0,0,0,0,0,0,10800000,3,0,0,25689490,7.14,57599990,10800000,"['1', '2', '3', '4', '5']","['2', '3', '1', '5', '4']",5.0,5.0,"[90, 64, 161, 0, 0]"
03_06_sparse_code.cha,0,0,0,0,0,0,0,0,0,27697720,0,7.09,57599990,29902270,[],[],0.0,0.0,[]
03_07_sparse_code.cha,0,0,0,0,0,0,0,0,0,24117960,1943190,6.99,57599990,31538840,[],[],0.0,0.0,[]
03_08_sparse_code.cha,1,0,1,1156020,0,143560,13657360,4,0,416820,28172200,7.83,57599990,14813380,"['1', '2', '3', '4', '5']","['3', '2', '4', '1', '5']",5.0,5.0,"[146, 193, 129, 36, 29]"
03_09_sparse_code.cha,1,0,0,1231820,0,0,13866520,4,0,0,21403070,5.95,57599990,15098340,"['1', '2', '3', '4', '5']","['4', '1', '2', '3', '5']",5.0,5.0,"[80, 14, 121, 71, 26]"
03_10_sparse_code.cha,1,0,0,1260820,0,0,13151810,4,0,1247190,20129540,5.59,57599990,14412630,"['1', '2', '3', '4', '5']","['2', '1', '5', '4', '3']",5.0,5.0,"[124, 74, 14, 51, 54]"
03_11_sparse_code.cha,1,0,0,798410,0,0,13596740,4,0,803260,12379200,3.6,57599990,14395150,"['1', '2', '3', '4', '5']","['1', '2', '5', '4', '3']",5.0,5.0,"[61, 79, 5, 45, 99]"
03_12_sparse_code.cha,1,0,0,2958040,0,0,11433460,4,0,2966540,8090050,2.25,57599990,14391500,"['1', '2', '3', '4', '5']","['2', '3', '4', '1', '5']",5.0,5.0,"[49, 18, 44, 93, 41]"
03_13_sparse_code.cha,1,0,0,289790,0,0,13600020,4,0,799980,20053750,5.57,57599990,13889810,"['1', '2', '3', '4', '5']","['5', '2', '3', '1', '4']",5.0,5.0,"[15, 42, 15, 16, 21]"
03_14_sparse_code.cha,1,0,0,958570,0,0,9842630,3,0,0,14185820,3.94,57599990,10801200,"['1', '2', '3', '4', '5']","['2', '1', '4', '3', '5']",5.0,5.0,"[45, 38, 7, 22, 0]"
03_15_sparse_code.cha,0,0,0,0,0,0,10800000,3,0,0,22204080,6.17,57599990,10800000,"['1', '2', '3', '4', '5']","['1', '2', '5', '4', '3']",5.0,5.0,"[66, 70, 0, 0, 62]"
03_16_sparse_code.cha,0,0,0,0,0,0,10772300,3,0,0,25429430,7.06,57599990,10772300,"['1', '2', '3', '4', '5']","['5', '1', '4', '3', '2']",5.0,5.0,"[0, 71, 0, 107, 110]"
03_17_sparse_code.cha,0,0,0,0,0,0,10800000,3,0,0,19984960,5.55,57599990,10800000,"['1', '2', '3', '4', '5']","['5', '2', '3', '4', '1']",5.0,5.0,"[0, 83, 65, 0, 59]"
04_06_sparse_code.cha,0,0,0,0,0,0,0,0,0,4152680,10441080,3.49,42691430,28097670,[],[],0.0,0.0,[]
04_07_sparse_code.cha,0,0,0,0,0,0,0,0,0,2206240,8058490,2.24,44725110,34460380,[],[],0.0,0.0,[]
04_08_sparse_code.cha,1,4,1,1561320,703110,1073730,12863190,4,0,1536810,6305940,1.75,48145860,15127620,"['1', '2', '3', '4', '5']","['4', '3', '1', '2', '5']",5.0,5.0,"[94, 50, 90, 114, 21]"
04_09_sparse_code.cha,1,0,1,507250,0,2626420,14271150,4,0,0,9375640,2.6,38565360,14778400,"['1', '2', '3', '4', '5']","['5', '1', '4', '3', '2']",5.0,5.0,"[195, 161, 80, 71, 125]"
04_10_sparse_code.cha,1,0,1,786480,0,2670200,13636930,4,0,0,9733140,2.7,46500000,14423410,"['1', '2', '3', '4', '5']","['1', '5', '4', '2', '3']",5.0,5.0,"[146, 84, 91, 131, 57]"
04_11_sparse_code.cha,0,0,0,0,0,0,14400000,4,0,0,5013180,1.39,35310800,14400000,"['1', '2', '3', '4', '5']","['1', '4', '5', '2', '3']",5.0,5.0,"[197, 181, 0, 203, 195]"
04_12_sparse_code.cha,0,0,0,0,0,0,14399000,4,0,0,8373300,2.33,38100000,14399000,"['1', '2', '3', '4', '5']","['2', '3', '5', '1', '4']",5.0,5.0,"[67, 85, 0, 51, 29]"
04_13_sparse_code.cha,1,0,0,1285680,0,0,13121630,4,0,1278370,10367680,2.88,39835800,14407310,"['1', '2', '3', '4', '5']","['5', '4', '2', '1', '3']",5.0,5.0,"[27, 78, 82, 53, 86]"
04_14_sparse_code.cha,1,0,0,2860,0,0,10800000,3,0,0,10779380,2.99,44969740,10802860,"['1', '2', '3', '4', '5']","['4', '2', '5', '1', '3']",5.0,5.0,"[0, 208, 2, 108, 134]"
04_15_sparse_code.cha,0,0,0,0,0,0,10800000,3,0,0,15056050,4.18,46066300,10800000,"['1', '2', '3', '4', '5']","['1', '3', '4', '5', '2']",5.0,5.0,"[92, 11, 0, 0, 70]"
04_16_sparse_code.cha,0,0,0,0,0,0,10800000,3,0,0,6866140,1.91,39283180,10800000,"['1', '2', '3', '4', '5']","['4', '2', '1', '5', '3']",5.0,5.0,"[0, 139, 187, 0, 181]"
04_17_sparse_code.cha,0,0,0,0,0,0,10800000,3,0,0,0,0.0,41833110,10800000,"['1', '2', '3', '4', '5']","['5', '1', '2', '3', '4']",5.0,5.0,"[0, 49, 178, 22, 0]"
06_06_sparse_code.cha,0,0,0,0,0,0,0,0,0,0,7168930,1.99,40898490,33729560,[],[],0.0,0.0,[]
06_07_sparse_code.cha,0,0,0,0,0,0,0,0,0,0,32997320,9.17,57599990,24602670,[],[],0.0,0.0,[]
06_08_sparse_code.cha,1,0,0,3202080,0,0,11203390,4,0,3196690,5789860,1.61,44650860,14405470,"['1', '2', '3', '4', '5']","['4', '2', '1', '5', '3']",5.0,5.0,"[7, 153, 58, 59, 99]"
06_09_sparse_code.cha,2,0,0,1422290,0,0,12928890,4,0,1456630,10388380,2.89,50453860,14351180,"['1', '2', '3', '4', '5']","['3', '1', '4', '2', '5']",5.0,5.0,"[139, 90, 72, 60, 43]"
06_10_sparse_code.cha,1,0,0,1020930,0,0,13426740,4,0,973260,27380740,7.62,57599990,14447670,"['1', '2', '3', '4', '5']","['1', '5', '4', '2', '3']",5.0,5.0,"[78, 30, 42, 54, 99]"
06_11_sparse_code.cha,1,0,0,422340,0,0,13954320,4,0,445680,10261500,2.85,57599990,14376660,"['1', '2', '3', '4', '5']","['2', '5', '4', '3', '1']",5.0,5.0,"[88, 17, 72, 116, 62]"
06_12_sparse_code.cha,1,0,0,99280,0,0,14301560,4,0,0,25681960,7.13,57599990,14400840,"['1', '2', '3', '4', '5']","['3', '4', '1', '2', '5']",5.0,5.0,"[51, 58, 45, 52, 3]"
06_13_sparse_code.cha,1,0,0,479240,0,0,14268700,4,0,0,29853610,8.29,57599990,14747940,"['1', '2', '3', '4', '5']","['3', '5', '4', '1', '2']",5.0,5.0,"[66, 29, 81, 230, 70]"
06_14_sparse_code.cha,0,0,0,0,0,0,10800000,3,0,0,28100260,7.81,57599990,10800000,"['1', '2', '3', '4', '5']","['3', '4', '1', '2', '5']",5.0,5.0,"[96, 0, 104, 138, 0]"
06_15_sparse_code.cha,0,0,0,0,0,0,10136730,3,0,0,39252530,10.9,57599990,10136730,"['1', '2', '3', '4', '5']","['2', '1', '3', '4', '5']",5.0,5.0,"[104, 173, 89, 0, 0]"
06_16_sparse_code.cha,0,0,0,0,0,0,10800000,3,0,0,28151840,7.82,57599990,10800000,"['1', '2', '3', '4', '5']","['1', '4', '5', '3', '2']",5.0,5.0,"[240, 0, 0, 151, 204]"
06_17_sparse_code.cha,0,0,0,0,0,0,10800000,3,0,0,9054560,2.52,52485050,10800000,"['1', '2', '3', '4', '5']","['4', '1', '5', '3', '2']",5.0,5.0,"[0, 160, 0, 99, 97]"
07_06_sparse_code.cha,0,0,0,0,0,0,0,0,0,0,30153740,8.38,57599990,27446250,[],[],0.0,0.0,[]
07_07_sparse_code.cha,0,0,0,0,0,0,0,0,0,16717970,0,0.0,57599990,40882020,[],[],0.0,0.0,[]
07_08_sparse_code.cha,1,0,4,1197030,0,5765350,13251000,4,0,1149000,9670410,2.69,51990550,14448030,"['1', '2', '3', '4', '5']","['5', '2', '4', '1', '3']",5.0,5.0,"[38, 75, 119, 114, 115]"
07_09_sparse_code.cha,1,0,0,979980,0,0,13358040,4,0,1602700,18180300,5.23,57599990,14338020,"['1', '2', '3', '4', '5']","['4', '1', '3', '5', '2']",5.0,5.0,"[134, 61, 97, 66, 77]"
07_10_sparse_code.cha,0,0,0,0,0,0,14399000,4,0,0,10977050,3.05,42733990,14399000,"['1', '2', '3', '4', '5']","['2', '1', '5', '3', '4']",5.0,5.0,"[85, 70, 0, 213, 52]"
07_11_sparse_code.cha,1,0,0,686720,0,0,13320680,4,0,688210,16465940,4.57,57599990,14007400,"['1', '2', '3', '4', '5']","['5', '3', '2', '4', '1']",5.0,5.0,"[81, 124, 48, 9, 59]"
07_12_sparse_code.cha,1,1,0,1956970,433260,0,12131110,4,0,2267890,7376380,2.05,29700000,14521340,"['1', '2', '3', '4', '5']","['1', '2', '3', '4', '5']",5.0,5.0,"[99, 50, 56, 27, 41]"
07_13_sparse_code.cha,1,1,0,1022680,242760,0,12506050,4,0,1894610,9417790,2.62,31616110,13771490,"['1', '2', '3', '4', '5']","['3', '2', '5', '1', '4']",5.0,5.0,"[99, 130, 24, 70, 64]"
07_14_sparse_code.cha,0,0,0,0,0,0,10800000,3,0,0,3328990,0.92,34460740,10800000,"['1', '2', '3', '4', '5']","['1', '4', '2', '5', '3']",5.0,5.0,"[60, 0, 93, 0, 114]"
07_15_sparse_code.cha,0,0,0,0,0,0,10800000,3,0,0,4878650,1.36,39124550,10800000,"['1', '2', '3', '4', '5']","['4', '1', '2', '3', '5']",5.0,5.0,"[184, 0, 103, 94, 0]"
07_16_sparse_code.cha,1,0,0,840490,0,0,9977500,3,0,821390,11913360,3.54,46412740,10817990,"['1', '2', '3', '4', '5']","['2', '1', '3', '5', '4']",5.0,5.0,"[118, 96, 89, 20, 0]"
07_17_sparse_code.cha,0,0,0,0,0,0,10800000,3,0,0,6973450,1.94,44988930,10800000,"['1', '2', '3', '4', '5']","['4', '2', '5', '1', '3']",5.0,5.0,"[0, 27, 0, 99, 109]"
08_06_sparse_code.cha,0,0,0,0,0,0,0,0,0,24686170,10023190,4.67,57599990,22890630,[],[],0.0,0.0,[]
08_07_sparse_code.cha,0,0,0,0,0,0,0,0,0,0,13037090,3.62,57599990,44562900,[],[],0.0,0.0,[]
08_08_sparse_code.cha,0,1,0,0,1081710,0,13741579,4,0,658420,21725830,6.03,57599990,14823289,"['1', '2', '3', '4', '5']","['4', '1', '2', '3', '5']",5.0,5.0,"[79, 141, 89, 65, 0]"
08_09_sparse_code.cha,1,1,0,2909880,124190,0,11317000,4,0,3681010,18168520,5.05,57599990,14351070,"['1', '2', '3', '4', '5']","['5', '3', '1', '2', '4']",5.0,5.0,"[52, 45, 30, 70, 68]"
08_10_sparse_code.cha,0,0,2,0,0,9811080,14400000,4,0,0,4289720,1.19,57599990,14400000,"['1', '2', '3', '4', '5']","['5', '4', '2', '3', '1']",5.0,5.0,"[103, 91, 25, 68, 132]"
08_11_sparse_code.cha,1,0,0,3600000,0,0,10948160,4,0,3388320,8234850,2.29,57599990,14548160,"['1', '2', '3', '4', '5']","['4', '3', '1', '5', '2']",5.0,5.0,"[67, 95, 94, 156, 145]"
08_12_sparse_code.cha,1,0,0,601120,0,0,13800530,4,0,599470,24127170,6.7,57599990,14401650,"['1', '2', '3', '4', '5']","['5', '1', '3', '2', '4']",5.0,5.0,"[28, 104, 185, 156, 74]"
08_13_sparse_code.cha,1,0,0,1808150,0,0,12348550,4,0,2051450,26726990,7.42,57599990,14156700,"['1', '2', '3', '4', '5']","['5', '2', '3', '4', '1']",5.0,5.0,"[45, 84, 53, 192, 149]"
08_14_sparse_code.cha,0,0,0,0,0,0,10800000,3,0,0,22113410,6.14,57599990,10800000,"['1', '2', '3', '4', '5']","['2', '3', '4', '1', '5']",5.0,5.0,"[140, 85, 0, 142, 0]"
08_15_sparse_code.cha,0,0,0,0,0,0,10800000,3,0,0,22056270,6.13,57599990,10800000,"['1', '2', '3', '4', '5']","['5', '3', '4', '1', '2']",5.0,5.0,"[0, 248, 0, 266, 208]"
08_16_sparse_code.cha,0,0,0,0,0,0,10800000,3,0,0,18682610,5.19,57599990,10800000,"['1', '2', '3', '4', '5']","['4', '3', '5', '2', '1']",5.0,5.0,"[0, 173, 0, 185, 226]"
08_17_sparse_code.cha,0,0,0,0,0,0,10727210,3,0,72700,24905200,6.94,57599990,10727210,"['1', '2', '3', '4', '5']","['2', '5', '3', '4', '1']",5.0,5.0,"[253, 0, 258, 0, 129]"
09_06_sparse_code.cha,0,0,0,0,0,0,0,0,0,0,25707100,7.14,57599990,31892890,[],[],0.0,0.0,[]
09_07_sparse_code.cha,0,0,0,0,0,0,0,0,0,0,20710100,5.75,57599990,36889890,[],[],0.0,0.0,[]
09_08_sparse_code.cha,1,0,0,2073160,0,0,12266830,4,0,2135210,13766390,3.92,42900000,14339990,"['1', '2', '3', '4', '5']","['1', '5', '3', '2', '4']",5.0,5.0,"[133, 34, 19, 78, 109]"
09_09_sparse_code.cha,0,0,0,0,0,0,14400000,4,0,0,6171700,1.71,31083950,14400000,"['1', '2', '3', '4', '5']","['1', '3', '2', '5', '4']",5.0,5.0,"[64, 67, 104, 0, 105]"
09_10_sparse_code.cha,1,0,0,2189980,0,0,13024290,4,0,0,13386930,3.72,57599990,15214270,"['1', '2', '3', '4', '5']","['2', '3', '4', '1', '5']",5.0,5.0,"[119, 53, 55, 17, 42]"
09_11_sparse_code.cha,1,0,0,802530,0,0,13599840,4,0,800160,10575730,2.94,57599990,14402370,"['1', '2', '3', '4', '5']","['2', '5', '1', '4', '3']",5.0,5.0,"[41, 7, 30, 29, 64]"
09_12_sparse_code.cha,0,2,1,0,3603100,1512630,11316660,4,0,594420,23049930,6.4,57599990,14919760,"['1', '2', '3', '4', '5']","['2', '5', '3', '4', '1']",5.0,5.0,"[66, 29, 66, 59, 113]"
09_13_sparse_code.cha,1,0,0,943270,0,0,13093930,4,0,774320,29097350,8.3,57599990,14037200,"['1', '2', '3', '4', '5']","['2', '3', '5', '1', '4']",5.0,5.0,"[88, 91, 32, 56, 93]"
09_14_sparse_code.cha,0,0,0,0,0,0,10800000,3,0,0,33193390,9.22,57599990,10800000,"['1', '2', '3', '4', '5']","['3', '5', '1', '2', '4']",5.0,5.0,"[27, 0, 69, 134, 0]"
09_15_sparse_code.cha,1,0,0,2359750,0,0,8231760,3,0,2365190,7152120,1.99,35269430,10591510,"['1', '2', '3', '4', '5']","['2', '5', '1', '4', '3']",5.0,5.0,"[77, 0, 32, 65, 77]"
09_16_sparse_code.cha,1,0,0,1889850,0,0,8874950,3,0,1925050,4607990,1.39,32445050,10764800,"['1', '2', '3', '4', '5']","['1', '3', '4', '5', '2']",5.0,5.0,"[113, 110, 26, 0, 32]"
09_17_sparse_code.cha,1,0,0,1614230,0,0,9197850,3,0,1179280,12511570,3.48,39900000,10812080,"['1', '2', '3', '4', '5']","['1', '5', '3', '2', '4']",5.0,5.0,"[146, 0, 31, 91, 21]"
10_06_sparse_code.cha,0,0,0,0,0,0,0,0,0,0,3242010,0.9,43144990,39902980,[],[],0.0,0.0,[]
10_07_sparse_code.cha,0,0,0,0,0,0,0,0,0,8214470,1573090,1.54,46407610,36620050,[],[],0.0,0.0,[]
10_08_sparse_code.cha,0,0,0,0,0,0,13583390,4,0,402390,13309410,3.7,57599990,13583390,"['1', '2', '3', '4', '5']","['4', '3', '5', '1', '2']",5.0,5.0,"[165, 282, 0, 285, 327]"
10_09_sparse_code.cha,1,0,0,1166640,0,0,13602800,4,0,0,25761990,7.16,57599990,14769440,"['1', '2', '3', '4', '5']","['3', '1', '5', '2', '4']",5.0,5.0,"[143, 16, 36, 77, 261]"
10_10_sparse_code.cha,1,0,0,2013050,0,0,12388620,4,0,2011380,20453330,5.68,57599990,14401670,"['1', '2', '3', '4', '5']","['3', '1', '4', '2', '5']",5.0,5.0,"[247, 98, 149, 28, 41]"
10_11_sparse_code.cha,1,0,0,1358960,0,0,12929230,4,0,1368110,16287270,4.52,49800000,14288190,"['1', '2', '3', '4', '5']","['1', '3', '5', '2', '4']",5.0,5.0,"[96, 90, 20, 146, 108]"
10_12_sparse_code.cha,0,0,0,0,0,0,13987120,4,0,0,16726120,4.65,57599990,13987120,"['1', '2', '3', '4', '5']","['1', '2', '3', '4', '5']",5.0,5.0,"[110, 139, 60, 141, 0]"
10_13_sparse_code.cha,0,0,0,0,0,0,14400000,4,0,0,27864830,7.74,57599990,14400000,"['1', '2', '3', '4', '5']","['4', '5', '3', '1', '2']",5.0,5.0,"[107, 0, 45, 116, 126]"
10_14_sparse_code.cha,0,0,0,0,0,0,10800000,3,0,0,20597110,5.72,57599990,10800000,"['1', '2', '3', '4', '5']","['2', '3', '1', '4', '5']",5.0,5.0,"[175, 95, 139, 0, 0]"
10_15_sparse_code.cha,0,0,0,0,0,0,10800000,3,0,0,34517850,9.59,57599990,10800000,"['1', '2', '3', '4', '5']","['4', '2', '3', '1', '5']",5.0,5.0,"[0, 107, 272, 218, 0]"
10_16_sparse_code.cha,0,0,0,0,0,0,10736340,3,0,0,20495010,5.69,57599990,10736340,"['1', '2', '3', '4', '5']","['4', '3', '1', '2', '5']",5.0,5.0,"[0, 187, 314, 150, 0]"
10_17_sparse_code.cha,1,0,0,803920,0,0,9720280,3,0,1080850,13979460,4.11,57599990,10524200,"['1', '2', '3', '4', '5']","['4', '2', '3', '5', '1']",5.0,5.0,"[56, 111, 240, 0, 222]"
11_06_sparse_code.cha,0,0,0,0,0,0,0,0,0,8053850,2552260,1.62,44498430,33892320,[],[],0.0,0.0,[]
11_07_sparse_code.cha,0,0,0,0,0,0,0,0,0,0,10095750,2.8,44905610,34809860,[],[],0.0,0.0,[]
11_08_sparse_code.cha,1,0,0,961560,0,0,13430260,4,0,0,2613960,0.73,43939930,14391820,"['1', '2', '3', '4', '5']","['2', '3', '5', '1', '4']",5.0,5.0,"[76, 10, 18, 178, 98]"
11_09_sparse_code.cha,1,1,1,720570,1387610,2876180,11491020,4,0,2081690,6947730,1.98,43623680,13599200,"['1', '2', '3', '4', '5']","['5', '1', '4', '2', '3']",5.0,5.0,"[114, 17, 88, 86, 18]"
11_10_sparse_code.cha,1,0,0,1732760,0,0,12664850,4,0,1735150,5488770,1.52,42692800,14397610,"['1', '2', '3', '4', '5']","['3', '4', '1', '2', '5']",5.0,5.0,"[121, 23, 141, 75, 75]"
11_11_sparse_code.cha,1,0,0,1279180,0,0,12739000,4,0,1943660,7957140,2.21,44983740,14018180,"['1', '2', '3', '4', '5']","['5', '1', '3', '2', '4']",5.0,5.0,"[19, 85, 93, 38, 102]"
11_12_sparse_code.cha,1,0,0,1685070,0,0,12714440,4,0,0,13336220,3.7,48271550,14399510,"['1', '2', '3', '4', '5']","['2', '4', '1', '5', '3']",5.0,5.0,"[47, 18, 75, 41, 99]"
11_13_sparse_code.cha,1,0,0,829350,0,0,13757840,4,0,642160,7709140,2.14,50807360,14587190,"['1', '2', '3', '4', '5']","['1', '5', '2', '4', '3']",5.0,5.0,"[81, 14, 61, 108, 85]"
11_14_sparse_code.cha,0,0,0,0,0,0,10800000,3,0,0,4407320,1.22,44120430,10800000,"['1', '2', '3', '4', '5']","['2', '4', '1', '5', '3']",5.0,5.0,"[102, 0, 137, 0, 35]"
11_15_sparse_code.cha,0,0,0,0,0,0,10773820,3,0,0,11440310,3.18,42429360,10773820,"['1', '2', '3', '4', '5']","['2', '4', '1', '3', '5']",5.0,5.0,"[169, 0, 160, 80, 0]"
11_16_sparse_code.cha,0,0,0,0,0,0,10500470,3,0,0,17139650,4.76,50710800,10500470,"['1', '2', '3', '4', '5']","['1', '5', '2', '4', '3']",5.0,5.0,"[51, 0, 123, 0, 77]"
11_17_sparse_code.cha,1,0,0,1529000,0,0,9269870,3,0,0,8401240,2.33,41744740,10798870,"['1', '2', '3', '4', '5']","['1', '3', '5', '4', '2']",5.0,5.0,"[148, 46, 0, 52, 102]"
12_06_sparse_code.cha,0,0,0,0,0,0,0,0,0,2622850,14629080,4.06,57599990,40348060,[],[],0.0,0.0,[]
12_07_sparse_code.cha,0,0,0,0,0,0,0,0,0,2870440,14135550,3.93,57599990,40594000,[],[],0.0,0.0,[]
12_08_sparse_code.cha,0,0,0,0,0,0,14400000,4,0,0,18882580,5.25,57599990,14400000,"['1', '2', '3', '4', '5']","['3', '1', '5', '2', '4']",5.0,5.0,"[206, 143, 0, 135, 133]"
12_09_sparse_code.cha,0,1,0,0,711450,0,13673400,4,0,522610,22091330,6.14,57599990,14384850,"['1', '2', '3', '4', '5']","['3', '5', '1', '2', '4']",5.0,5.0,"[103, 0, 43, 78, 72]"
12_10_sparse_code.cha,0,2,0,0,338050,0,14400000,4,0,0,6463510,1.8,57599990,14738050,"['1', '2', '3', '4', '5']","['1', '2', '5', '3', '4']",5.0,5.0,"[91, 52, 0, 119, 122]"
12_11_sparse_code.cha,0,0,0,0,0,0,14400000,4,0,0,4410570,1.23,57599990,14400000,"['1', '2', '3', '4', '5']","['1', '2', '4', '5', '3']",5.0,5.0,"[119, 92, 93, 0, 111]"
12_12_sparse_code.cha,0,0,0,0,0,0,14400000,4,0,0,18527430,5.15,57599990,14400000,"['1', '2', '3', '4', '5']","['3', '4', '5', '2', '1']",5.0,5.0,"[165, 174, 0, 80, 4]"
12_13_sparse_code.cha,1,0,0,292320,0,0,14144350,4,0,0,4905050,1.36,44410930,14436670,"['1', '2', '3', '4', '5']","['3', '2', '1', '4', '5']",5.0,5.0,"[82, 131, 150, 164, 28]"
12_14_sparse_code.cha,0,0,0,0,0,0,10800000,3,0,0,27307480,7.59,57599990,10800000,"['1', '2', '3', '4', '5']","['4', '3', '2', '5', '1']",5.0,5.0,"[0, 128, 129, 0, 101]"
12_15_sparse_code.cha,0,0,0,0,0,0,10800000,3,0,0,15167610,4.21,52062610,10800000,"['1', '2', '3', '4', '5']","['4', '2', '5', '1', '3']",5.0,5.0,"[0, 98, 0, 156, 206]"
12_16_sparse_code.cha,0,0,0,0,0,0,10800000,3,0,0,8965730,2.49,34462430,10800000,"['1', '2', '3', '4', '5']","['4', '3', '2', '1', '5']",5.0,5.0,"[0, 168, 112, 137, 0]"
12_17_sparse_code.cha,1,0,0,2950,0,0,10800000,3,0,0,20879180,5.8,57599990,10802950,"['1', '2', '3', '4', '5']","['2', '4', '3', '1', '5']",5.0,5.0,"[159, 3, 208, 227, 0]"
13_06_sparse_code.cha,0,0,0,0,0,0,0,0,0,14398890,10626990,2.95,41510930,16485050,[],[],0.0,0.0,[]
13_07_sparse_code.cha,0,0,0,0,0,0,0,0,0,0,15114880,4.2,43241050,28126170,[],[],0.0,0.0,[]
13_08_sparse_code.cha,0,0,0,0,0,0,14399640,4,0,0,7152270,1.99,43800000,14399640,"['1', '2', '3', '4', '5']","['4', '2', '1', '3', '5']",5.0,5.0,"[73, 92, 78, 115, 0]"
13_09_sparse_code.cha,2,1,0,618090,79820,0,13771690,4,0,628310,15649090,4.35,47354300,14469600,"['1', '2', '3', '4', '5']","['2', '4', '5', '1', '3']",5.0,5.0,"[36, 42, 37, 59, 42]"
13_10_sparse_code.cha,1,0,1,602410,0,989700,13532340,4,0,610860,18846290,5.24,45000000,14134750,"['1', '2', '3', '4', '5']","['1', '3', '4', '2', '5']",5.0,5.0,"[21, 152, 76, 94, 46]"
13_11_sparse_code.cha,1,0,0,374820,0,0,14261930,4,0,0,10659800,2.96,44433300,14636750,"['1', '2', '3', '4', '5']","['2', '5', '1', '3', '4']",5.0,5.0,"[123, 9, 91, 29, 53]"
13_12_sparse_code.cha,0,0,0,0,0,0,14399999,4,0,0,7134620,1.98,32644110,14399999,"['1', '2', '3', '4', '5']","['4', '1', '5', '3', '2']",5.0,5.0,"[85, 37, 0, 53, 54]"
13_13_sparse_code.cha,0,0,0,0,0,0,14400000,4,0,0,11904760,3.31,40882180,14400000,"['1', '2', '3', '4', '5']","['2', '1', '5', '3', '4']",5.0,5.0,"[24, 80, 0, 9, 25]"
13_14_sparse_code.cha,0,0,0,0,0,0,10800000,3,0,0,7563370,2.1,43796300,10800000,"['1', '2', '3', '4', '5']","['2', '3', '5', '4', '1']",5.0,5.0,"[144, 71, 0, 0, 110]"
13_15_sparse_code.cha,0,0,0,0,0,0,10800000,3,0,0,15425650,4.28,46973680,10800000,"['1', '2', '3', '4', '5']","['3', '2', '1', '4', '5']",5.0,5.0,"[190, 188, 159, 0, 0]"
13_16_sparse_code.cha,1,0,0,832730,0,0,9939040,3,0,0,14195040,3.94,28500000,10771770,"['1', '2', '3', '4', '5']","['4', '3', '2', '1', '5']",5.0,5.0,"[11, 46, 116, 114, 0]"
13_17_sparse_code.cha,1,0,0,600520,0,0,10200540,3,0,598460,34896970,9.69,57599990,10801060,"['1', '2', '3', '4', '5']","['2', '3', '5', '1', '4']",5.0,5.0,"[54, 43, 0, 90, 6]"
14_06_sparse_code.cha,0,0,0,0,0,0,0,0,0,0,10326280,2.87,57599990,47273710,[],[],0.0,0.0,[]
14_07_sparse_code.cha,0,0,0,0,0,0,0,0,0,33309710,0,6.62,57599990,24290280,[],[],0.0,0.0,[]
14_08_sparse_code.cha,0,0,0,0,0,0,14077350,4,0,322650,17905490,4.97,57599990,14077350,"['1', '2', '3', '4', '5']","['5', '3', '1', '4', '2']",5.0,5.0,"[0, 116, 120, 85, 64]"
14_09_sparse_code.cha,0,0,0,0,0,0,14353790,4,0,0,17676870,4.91,57599990,14353790,"['1', '2', '3', '4', '5']","['1', '3', '2', '4', '5']",5.0,5.0,"[41, 27, 59, 157, 0]"
14_10_sparse_code.cha,0,0,0,0,0,0,14178680,4,0,221320,12939540,3.59,57599990,14178680,"['1', '2', '3', '4', '5']","['4', '1', '3', '5', '2']",5.0,5.0,"[127, 8, 86, 0, 45]"
14_11_sparse_code.cha,0,0,0,0,0,0,14063790,4,0,336210,9568450,2.66,57599990,14063790,"['1', '2', '3', '4', '5']","['2', '1', '3', '5', '4']",5.0,5.0,"[79, 52, 95, 0, 86]"
14_12_sparse_code.cha,0,0,0,0,0,0,14399990,4,0,0,14373620,3.99,57599990,14399990,"['1', '2', '3', '4', '5']","['4', '5', '3', '1', '2']",5.0,5.0,"[118, 0, 72, 99, 87]"
14_13_sparse_code.cha,0,0,0,0,0,0,14261370,4,0,139060,18968660,5.27,57599990,14261370,"['1', '2', '3', '4', '5']","['3', '1', '4', '5', '2']",5.0,5.0,"[92, 64, 129, 0, 89]"
14_14_sparse_code.cha,0,0,1,0,0,3097140,10800000,3,0,0,23993750,6.66,57599990,10800000,"['1', '2', '3', '4', '5']","['1', '4', '2', '3', '5']",5.0,5.0,"[225, 100, 63, 73, 0]"
14_15_sparse_code.cha,0,0,0,0,0,0,10701010,3,0,0,15304510,4.25,57599990,10701010,"['1', '2', '3', '4', '5']","['4', '5', '3', '1', '2']",5.0,5.0,"[0, 0, 66, 51, 55]"
14_16_sparse_code.cha,0,0,0,0,0,0,10800000,3,0,0,29414210,8.17,57599990,10800000,"['1', '2', '3', '4', '5']","['5', '3', '1', '2', '4']",5.0,5.0,"[0, 157, 184, 118, 0]"
14_17_sparse_code.cha,0,0,0,0,0,0,10800000,3,0,0,21142600,5.87,57599990,10800000,"['1', '2', '3', '4', '5']","['1', '4', '3', '5', '2']",5.0,5.0,"[156, 0, 102, 0, 128]"
15_06_sparse_code.cha,0,0,0,0,0,0,0,0,0,6425880,19304760,5.36,57599990,31869350,[],[],0.0,0.0,[]
15_07_sparse_code.cha,0,0,0,0,0,0,0,0,0,0,18288520,5.08,57599990,39311470,[],[],0.0,0.0,[]
15_08_sparse_code.cha,1,0,0,941690,0,0,13459120,4,0,940880,8205990,2.28,57599990,14400810,"['1', '2', '3', '4', '5']","['4', '2', '5', '3', '1']",5.0,5.0,"[182, 44, 37, 113, 133]"
15_09_sparse_code.cha,1,0,1,2553850,0,1042590,11751880,4,0,2350610,24000370,6.71,57599990,14305730,"['1', '2', '3', '4', '5']","['5', '2', '3', '4', '1']",5.0,5.0,"[26, 67, 68, 19, 99]"
15_10_sparse_code.cha,2,0,0,1672010,0,0,11929800,4,0,2473830,1391660,0.39,57599990,13601810,"['1', '2', '3', '4', '5']","['2', '4', '3', '5', '1']",5.0,5.0,"[53, 19, 17, 61, 158]"
15_11_sparse_code.cha,0,0,0,0,0,0,14381540,4,0,0,32219090,8.95,57599990,14381540,"['1', '2', '3', '4', '5']","['2', '3', '4', '1', '5']",5.0,5.0,"[70, 46, 85, 36, 0]"
15_12_sparse_code.cha,1,0,0,1834530,0,0,12124580,4,0,392760,24207250,6.72,57599990,13959110,"['1', '2', '3', '4', '5']","['1', '4', '2', '5', '3']",5.0,5.0,"[152, 58, 54, 84, 44]"
15_13_sparse_code.cha,0,0,0,0,0,0,14400000,4,0,0,23749150,6.6,57599990,14400000,"['1', '2', '3', '4', '5']","['4', '2', '5', '1', '3']",5.0,5.0,"[134, 85, 0, 130, 94]"
15_14_sparse_code.cha,1,0,0,2036130,0,0,8789410,3,0,0,31248810,8.68,57599990,10825540,"['1', '2', '3', '4', '5']","['5', '4', '3', '2', '1']",5.0,5.0,"[0, 30, 90, 118, 134]"
15_15_sparse_code.cha,0,0,0,0,0,0,10800000,3,0,0,22688320,6.3,57599990,10800000,"['1', '2', '3', '4', '5']","['3', '4', '5', '1', '2']",5.0,5.0,"[72, 0, 0, 228, 118]"
15_16_sparse_code.cha,0,0,0,0,0,0,10800000,3,0,0,21799060,6.06,57599990,10800000,"['1', '2', '3', '4', '5']","['3', '4', '5', '2', '1']",5.0,5.0,"[88, 0, 0, 255, 324]"
15_17_sparse_code.cha,0,0,0,0,0,0,10484010,3,0,0,27651150,7.68,57599990,10484010,"['1', '2', '3', '4', '5']","['3', '5', '2', '4', '1']",5.0,5.0,"[118, 0, 73, 0, 143]"
16_06_sparse_code.cha,0,0,0,0,0,0,0,0,0,0,26305690,7.31,57599990,31294300,[],[],0.0,0.0,[]
16_07_sparse_code.cha,0,0,0,0,0,0,0,0,0,0,27423490,7.62,57599990,30176500,[],[],0.0,0.0,[]
16_08_sparse_code.cha,1,0,0,294960,0,0,14178650,4,0,221350,29772900,8.27,57599990,14473610,"['1', '2', '3', '4', '5']","['2', '4', '3', '1', '5']",5.0,5.0,"[93, 161, 169, 67, 0]"
16_09_sparse_code.cha,0,0,0,0,0,0,14173440,4,0,0,36636920,10.18,57599990,14173440,"['1', '2', '3', '4', '5']","['3', '5', '4', '2', '1']",5.0,5.0,"[119, 0, 107, 160, 116]"
16_10_sparse_code.cha,1,0,0,1546730,0,0,12389080,4,0,1545320,14642700,4.07,57599990,13935810,"['1', '2', '3', '4', '5']","['2', '3', '1', '4', '5']",5.0,5.0,"[42, 57, 63, 75, 18]"
16_11_sparse_code.cha,0,0,0,0,0,0,14385818,4,0,0,32198246,8.94,57599990,14385818,"['1', '2', '3', '4', '5']","['1', '2', '5', '3', '4']",5.0,5.0,"[120, 170, 0, 119, 46]"
16_12_sparse_code.cha,1,0,0,1593530,0,0,12721050,4,0,1457130,30738570,8.54,57599990,14314580,"['1', '2', '3', '4', '5']","['4', '1', '3', '2', '5']",5.0,5.0,"[54, 234, 151, 145, 15]"
16_13_sparse_code.cha,0,0,0,0,0,0,14218030,4,0,0,26132780,7.26,57599990,14218030,"['1', '2', '3', '4', '5']","['1', '4', '2', '5', '3']",5.0,5.0,"[194, 127, 239, 0, 152]"
16_14_sparse_code.cha,0,0,0,0,0,0,10684460,3,0,0,26620890,7.39,57599990,10684460,"['1', '2', '3', '4', '5']","['3', '5', '1', '4', '2']",5.0,5.0,"[74, 0, 102, 0, 153]"
16_15_sparse_code.cha,0,0,0,0,0,0,10800000,3,0,0,32540660,9.04,57599990,10800000,"['1', '2', '3', '4', '5']","['3', '2', '4', '1', '5']",5.0,5.0,"[377, 348, 0, 324, 0]"
16_16_sparse_code.cha,0,0,0,0,0,0,10800000,3,0,0,27023710,7.51,57599990,10800000,"['1', '2', '3', '4', '5']","['4', '1', '2', '3', '5']",5.0,5.0,"[0, 113, 228, 108, 0]"
16_17_sparse_code.cha,0,0,0,0,0,0,10800000,3,0,0,23244690,6.46,57599990,10800000,"['1', '2', '3', '4', '5']","['2', '4', '1', '5', '3']",5.0,5.0,"[139, 0, 118, 0, 176]"
17_06_sparse_code.cha,0,0,0,0,0,0,0,0,0,11222620,22156900,7.32,57599990,24220470,[],[],0.0,0.0,[]
17_07_sparse_code.cha,0,0,0,0,0,0,0,0,0,0,24298110,6.75,57599990,33301880,[],[],0.0,0.0,[]
17_08_sparse_code.cha,1,0,0,788240,0,0,12649710,4,0,1617430,27432850,7.62,57599990,13437950,"['1', '2', '3', '4', '5']","['4', '1', '5', '2', '3']",5.0,5.0,"[59, 96, 12, 21, 82]"
17_09_sparse_code.cha,0,0,0,0,0,0,14400000,4,0,0,10606970,2.95,57599990,14400000,"['1', '2', '3', '4', '5']","['5', '3', '2', '1', '4']",5.0,5.0,"[0, 52, 153, 171, 36]"
17_10_sparse_code.cha,1,0,0,1681570,0,0,12460740,4,0,1942540,25521540,7.16,57599990,14142310,"['1', '2', '3', '4', '5']","['5', '2', '1', '4', '3']",5.0,5.0,"[65, 229, 71, 139, 146]"
17_11_sparse_code.cha,1,0,0,1300870,0,0,12771240,4,0,1323330,33462420,9.3,57599990,14072110,"['1', '2', '3', '4', '5']","['2', '5', '4', '3', '1']",5.0,5.0,"[130, 0, 34, 64, 59]"
17_12_sparse_code.cha,0,0,0,0,0,0,14242460,4,0,0,33330600,9.26,57599990,14242460,"['1', '2', '3', '4', '5']","['1', '3', '4', '2', '5']",5.0,5.0,"[60, 44, 40, 67, 0]"
17_13_sparse_code.cha,0,0,0,0,0,0,14024880,4,0,0,23177240,6.44,57599990,14024880,"['1', '2', '3', '4', '5']","['2', '4', '5', '1', '3']",5.0,5.0,"[140, 106, 0, 162, 125]"
17_14_sparse_code.cha,0,0,0,0,0,0,10800000,3,0,0,31444870,8.73,57599990,10800000,"['1', '2', '3', '4', '5']","['4', '2', '5', '3', '1']",5.0,5.0,"[0, 312, 0, 154, 212]"
17_15_sparse_code.cha,0,0,0,0,0,0,10800000,3,0,0,23971110,6.66,57599990,10800000,"['1', '2', '3', '4', '5']","['2', '4', '1', '5', '3']",5.0,5.0,"[258, 0, 217, 0, 327]"
17_16_sparse_code.cha,0,0,0,0,0,0,10800000,3,0,0,27652700,7.68,57599990,10800000,"['1', '2', '3', '4', '5']","['3', '5', '1', '2', '4']",5.0,5.0,"[232, 0, 187, 175, 0]"
17_17_sparse_code.cha,0,0,0,0,0,0,10800000,3,0,0,23866860,6.63,57599990,10800000,"['1', '2', '3', '4', '5']","['3', '5', '2', '1', '4']",5.0,5.0,"[285, 0, 311, 241, 0]"
18_06_sparse_code.cha,0,0,0,0,0,0,0,0,0,0,19582580,5.44,51597740,32015160,[],[],0.0,0.0,[]
18_07_sparse_code.cha,0,0,0,0,0,0,0,0,0,0,11331530,3.15,45730680,34399150,[],[],0.0,0.0,[]
18_08_sparse_code.cha,1,0,0,1292500,0,0,12661420,4,0,1738680,1031480,0.29,46906990,13953920,"['1', '2', '3', '4', '5']","['3', '1', '4', '2', '5']",5.0,5.0,"[162, 54, 48, 58, 29]"
18_09_sparse_code.cha,1,0,0,1287090,0,0,13106370,4,0,1293630,1986040,0.55,43821990,14393460,"['1', '2', '3', '4', '5']","['2', '1', '5', '3', '4']",5.0,5.0,"[4, 87, 22, 93, 35]"
18_10_sparse_code.cha,0,0,0,0,0,0,14400000,4,0,0,4205970,1.17,46896300,14400000,"['1', '2', '3', '4', '5']","['3', '5', '4', '2', '1']",5.0,5.0,"[195, 0, 85, 81, 96]"
18_11_sparse_code.cha,0,0,0,0,0,0,14400000,4,0,0,10621030,2.95,55278990,14400000,"['1', '2', '3', '4', '5']","['1', '5', '2', '3', '4']",5.0,5.0,"[112, 0, 45, 55, 115]"
18_12_sparse_code.cha,0,0,0,0,0,0,14394730,4,0,0,9017970,2.5,44950240,14394730,"['1', '2', '3', '4', '5']","['5', '2', '3', '1', '4']",5.0,5.0,"[0, 80, 76, 85, 41]"
18_13_sparse_code.cha,0,0,0,0,0,0,14400000,4,0,0,5710220,1.59,46393360,14400000,"['1', '2', '3', '4', '5']","['1', '5', '3', '4', '2']",5.0,5.0,"[90, 0, 69, 56, 93]"
18_14_sparse_code.cha,0,0,0,0,0,0,10800000,3,0,0,11384940,3.16,45268550,10800000,"['1', '2', '3', '4', '5']","['4', '5', '1', '3', '2']",5.0,5.0,"[0, 0, 80, 64, 73]"
18_15_sparse_code.cha,0,0,1,0,0,1810610,10800000,3,0,0,11525710,3.2,41530180,10800000,"['1', '2', '3', '4', '5']","['3', '4', '1', '2', '5']",5.0,5.0,"[79, 67, 115, 25, 0]"
18_16_sparse_code.cha,0,0,0,0,0,0,10800000,3,0,0,7400340,2.06,47516550,10800000,"['1', '2', '3', '4', '5']","['1', '3', '2', '5', '4']",5.0,5.0,"[110, 235, 211, 0, 0]"
18_17_sparse_code.cha,0,0,0,0,0,0,10799000,3,0,0,4752100,1.32,37599550,10799000,"['1', '2', '3', '4', '5']","['2', '3', '1', '4', '5']",5.0,5.0,"[148, 139, 60, 0, 0]"
19_06_sparse_code.cha,0,0,0,0,0,0,0,0,0,18615590,0,3.55,42887180,24271590,[],[],0.0,0.0,[]
19_07_sparse_code.cha,0,0,0,0,0,0,0,0,0,9312580,3703520,1.03,39365180,26349080,[],[],0.0,0.0,[]
19_08_sparse_code.cha,0,0,0,0,0,0,14400000,4,0,0,7866860,2.19,43457050,14400000,"['1', '2', '3', '4', '5']","['2', '5', '3', '4', '1']",5.0,5.0,"[126, 0, 119, 94, 81]"
19_09_sparse_code.cha,0,0,0,0,0,0,14400000,4,0,0,6831460,1.9,42514800,14400000,"['1', '2', '3', '4', '5']","['4', '5', '3', '1', '2']",5.0,5.0,"[114, 0, 190, 119, 187]"
19_10_sparse_code.cha,0,0,0,0,0,0,14400000,4,0,0,15225400,4.23,52186300,14400000,"['1', '2', '3', '4', '5']","['2', '5', '3', '1', '4']",5.0,5.0,"[71, 0, 80, 127, 150]"
19_11_sparse_code.cha,0,0,0,0,0,0,14400000,4,0,0,5440120,1.51,43317110,14400000,"['1', '2', '3', '4', '5']","['5', '1', '3', '2', '4']",5.0,5.0,"[0, 129, 48, 203, 80]"
19_12_sparse_code.cha,0,0,0,0,0,0,14400000,4,0,0,6634730,1.84,46277610,14400000,"['1', '2', '3', '4', '5']","['5', '4', '3', '1', '2']",5.0,5.0,"[0, 129, 155, 296, 119]"
19_13_sparse_code.cha,0,0,0,0,0,0,14400000,4,0,0,6476270,1.8,46374300,14400000,"['1', '2', '3', '4', '5']","['4', '1', '3', '2', '5']",5.0,5.0,"[298, 187, 294, 139, 0]"
19_14_sparse_code.cha,0,0,0,0,0,0,10800000,3,0,0,3383410,0.94,42710300,10800000,"['1', '2', '3', '4', '5']","['3', '2', '4', '5', '1']",5.0,5.0,"[218, 245, 0, 0, 282]"
19_15_sparse_code.cha,0,0,0,0,0,0,10800000,3,0,0,7070290,1.96,40220110,10800000,"['1', '2', '3', '4', '5']","['4', '2', '5', '1', '3']",5.0,5.0,"[0, 328, 0, 175, 341]"
19_16_sparse_code.cha,0,0,0,0,0,0,10800000,3,0,0,5874800,1.63,42005860,10800000,"['1', '2', '3', '4', '5']","['3', '4', '2', '5', '1']",5.0,5.0,"[276, 0, 295, 0, 312]"
19_17_sparse_code.cha,0,0,0,0,0,0,10800000,3,0,0,5955810,1.65,39957610,10800000,"['1', '2', '3', '4', '5']","['1', '2', '3', '5', '4']",5.0,5.0,"[344, 293, 235, 0, 0]"
20_06_sparse_code.cha,0,0,0,0,0,0,0,0,0,4265460,15531770,4.31,57599990,37802760,[],[],0.0,0.0,[]
20_07_sparse_code.cha,0,0,0,0,0,0,0,0,0,0,20572240,5.71,57599990,37027750,[],[],0.0,0.0,[]
20_08_sparse_code.cha,0,0,0,0,0,0,14400000,4,0,0,23625410,6.56,57599990,14400000,"['1', '2', '3', '4', '5']","['1', '2', '5', '4', '3']",5.0,5.0,"[76, 52, 0, 59, 106]"
20_09_sparse_code.cha,1,0,0,717520,0,0,13423250,4,0,719580,8820410,2.45,57599990,14140770,"['1', '2', '3', '4', '5']","['1', '5', '3', '2', '4']",5.0,5.0,"[96, 22, 87, 75, 83]"
20_10_sparse_code.cha,1,0,2,611840,0,12708920,13778300,4,0,0,21049770,8.03,57599990,14390140,"['1', '2', '3', '4', '5']","['5', '3', '4', '1', '2']",5.0,5.0,"[12, 66, 48, 154, 87]"
20_11_sparse_code.cha,0,0,0,0,0,0,14399999,4,0,0,20585070,5.72,57599990,14399999,"['1', '2', '3', '4', '5']","['4', '1', '3', '5', '2']",5.0,5.0,"[39, 70, 125, 0, 40]"
20_12_sparse_code.cha,0,0,0,0,0,0,14400000,4,0,0,26005000,7.22,57599990,14400000,"['1', '2', '3', '4', '5']","['1', '4', '3', '5', '2']",5.0,5.0,"[53, 71, 0, 27, 81]"
20_13_sparse_code.cha,0,0,0,0,0,0,14400000,4,0,0,27664750,7.68,57599990,14400000,"['1', '2', '3', '4', '5']","['3', '1', '5', '2', '4']",5.0,5.0,"[98, 63, 0, 125, 98]"
20_14_sparse_code.cha,0,0,0,0,0,0,10800000,3,0,0,25692860,7.14,57599990,10800000,"['1', '2', '3', '4', '5']","['1', '4', '3', '5', '2']",5.0,5.0,"[85, 0, 58, 0, 116]"
20_15_sparse_code.cha,0,0,0,0,0,0,10799000,3,0,0,25751660,7.15,57599990,10799000,"['1', '2', '3', '4', '5']","['3', '4', '1', '5', '2']",5.0,5.0,"[71, 0, 93, 0, 95]"
20_16_sparse_code.cha,0,0,0,0,0,0,10800000,3,0,0,27911670,7.75,57599990,10800000,"['1', '2', '3', '4', '5']","['5', '1', '4', '2', '3']",5.0,5.0,"[0, 261, 0, 198, 197]"
20_17_sparse_code.cha,0,0,0,0,0,0,10800000,3,0,0,21470740,5.96,57599990,10800000,"['1', '2', '3', '4', '5']","['2', '1', '4', '5', '3']",5.0,5.0,"[151, 108, 0, 0, 162]"
21_06_sparse_code.cha,0,0,0,0,0,0,0,0,0,25883310,0,2.54,51258740,25375430,[],[],0.0,0.0,[]
21_07_sparse_code.cha,0,0,0,0,0,0,0,0,0,6200350,8307540,2.31,41619800,27111910,[],[],0.0,0.0,[]
21_08_sparse_code.cha,0,0,0,0,0,0,14208860,4,0,191140,3135400,0.87,46068110,14208860,"['1', '2', '3', '4', '5']","['4', '1', '2', '5', '3']",5.0,5.0,"[25, 35, 8, 0, 76]"
21_09_sparse_code.cha,2,0,0,2218530,0,0,12014080,4,0,598220,16229150,4.51,50905800,14232610,"['1', '2', '3', '4', '5']","['3', '1', '2', '5', '4']",5.0,5.0,"[10, 49, 45, 20, 6]"
21_10_sparse_code.cha,1,0,0,1620460,0,0,12773440,4,0,1626560,0,0.0,41977430,14393900,"['1', '2', '3', '4', '5']","['1', '5', '2', '3', '4']",5.0,5.0,"[65, 3, 23, 59, 47]"
21_11_sparse_code.cha,1,0,0,3528900,0,0,10800000,3,0,3355480,5392560,1.5,37558430,14328900,"['1', '2', '3', '4', '5']","['3', '2', '5', '1', '4']",5.0,5.0,"[16, 34, 42, 0, 22]"
21_12_sparse_code.cha,0,0,0,0,0,0,14400000,4,0,0,5722850,1.59,30454860,14400000,"['1', '2', '3', '4', '5']","['1', '5', '3', '4', '2']",5.0,5.0,"[76, 0, 86, 50, 57]"
21_13_sparse_code.cha,0,0,0,0,0,0,14400000,4,0,0,3120630,0.87,36900000,14400000,"['1', '2', '3', '4', '5']","['4', '3', '5', '1', '2']",5.0,5.0,"[130, 68, 0, 91, 90]"
21_14_sparse_code.cha,1,0,0,645140,0,0,10151090,3,0,649100,0,0.0,20100000,10796230,"['1', '2', '3', '4']","['1', '2', '3', '4']",4.0,4.0,"[93, 56, 84, 0]"
21_15_sparse_code.cha,0,0,0,0,0,0,10800000,3,0,0,6676710,1.85,45123800,10800000,"['1', '2', '3', '4', '5']","['4', '1', '3', '5', '2']",5.0,5.0,"[0, 53, 50, 0, 33]"
21_16_sparse_code.cha,0,0,0,0,0,0,10800000,3,0,0,8558290,2.38,41700000,10800000,"['1', '2', '3', '4', '5']","['4', '1', '5', '2', '3']",5.0,5.0,"[0, 104, 0, 23, 41]"
21_17_sparse_code.cha,0,0,0,0,0,0,10800000,3,0,0,4582130,1.27,37200000,10800000,"['1', '2', '3', '4', '5']","['4', '1', '3', '2', '5']",5.0,5.0,"[0, 110, 207, 50, 0]"
22_06_sparse_code.cha,0,0,0,0,0,0,0,0,0,12567380,10892920,3.03,52623360,29163060,[],[],0.0,0.0,[]
22_07_sparse_code.cha,0,0,0,0,0,0,0,0,0,0,21165960,5.88,51739680,30573720,[],[],0.0,0.0,[]
22_08_sparse_code.cha,1,2,0,2324560,3299100,0,8499370,4,0,6278190,12420790,3.45,50660180,14123030,"['1', '2', '3', '4', '5']","['2', '5', '3', '1', '4']",5.0,5.0,"[80, 35, 11, 18, 15]"
22_10_sparse_code.cha,1,0,0,2342110,0,0,12073100,4,0,2326900,13460500,3.74,50888680,14415210,"['1', '2', '3', '4', '5']","['2', '5', '1', '3', '4']",5.0,5.0,"[2, 22, 9, 11, 36]"
22_11_sparse_code.cha,1,0,0,1095830,0,0,12758900,4,0,1310220,14059450,3.91,48045740,13854730,"['1', '2', '3', '4', '5']","['5', '1', '2', '3', '4']",5.0,5.0,"[28, 24, 11, 25, 49]"
22_12_sparse_code.cha,1,0,0,1620080,0,0,12356080,4,0,1590970,15039550,4.18,47468860,13976160,"['1', '2', '3', '4', '5']","['1', '3', '2', '4', '5']",5.0,5.0,"[23, 50, 30, 13, 43]"
22_13_sparse_code.cha,1,0,0,3597700,0,0,10015610,3,0,4383370,9130000,2.54,40741050,13613310,"['1', '2', '3', '4', '5']","['2', '3', '1', '5', '4']",5.0,5.0,"[63, 40, 0, 28, 100]"
22_14_sparse_code.cha,0,0,0,0,0,0,10800000,3,0,0,7742850,2.15,41746300,10800000,"['1', '2', '3', '4', '5']","['3', '2', '4', '5', '1']",5.0,5.0,"[19, 50, 0, 0, 59]"
22_15_sparse_code.cha,1,0,0,2108600,0,0,8690790,3,0,0,10209210,2.84,43060930,10799390,"['1', '2', '3', '4', '5']","['1', '4', '5', '3', '2']",5.0,5.0,"[20, 21, 0, 23, 41]"
22_16_sparse_code.cha,0,0,0,0,0,0,10800000,3,0,0,4947430,1.37,43989990,10800000,"['1', '2', '3', '4', '5']","['3', '4', '1', '5', '2']",5.0,5.0,"[55, 67, 0, 0, 57]"
22_17_sparse_code.cha,0,0,0,0,0,0,10800000,3,0,0,5784950,1.61,42826680,10800000,"['1', '2', '3', '4', '5']","['2', '5', '4', '3', '1']",5.0,5.0,"[78, 0, 0, 65, 48]"
23_06_sparse_code.cha,0,0,0,0,0,0,0,0,0,0,21760120,6.04,57599990,35839870,[],[],0.0,0.0,[]
23_07_sparse_code.cha,0,0,0,0,0,0,0,0,0,13889220,13606440,3.78,57599990,30104330,[],[],0.0,0.0,[]
23_08_sparse_code.cha,0,0,0,0,0,0,14400000,4,0,0,1713270,0.48,57599860,14400000,"['1', '2', '3', '4', '5']","['3', '5', '2', '4', '1']",5.0,5.0,"[103, 0, 33, 85, 32]"
23_09_sparse_code.cha,1,0,0,456800,0,0,13957580,4,0,442420,18218660,5.06,57599990,14414380,"['1', '2', '3', '4', '5']","['1', '3', '4', '5', '2']",5.0,5.0,"[66, 44, 10, 7, 25]"
23_10_sparse_code.cha,0,0,0,0,0,0,14400000,4,0,0,13926230,3.87,57599990,14400000,"['1', '2', '3', '4', '5']","['4', '2', '5', '1', '3']",5.0,5.0,"[9, 7, 0, 22, 47]"
23_11_sparse_code.cha,0,0,0,0,0,0,14120530,4,0,0,18142080,5.04,57599990,14120530,"['1', '2', '3', '4', '5']","['1', '2', '4', '5', '3']",5.0,5.0,"[105, 65, 91, 0, 86]"
23_12_sparse_code.cha,1,0,0,609570,0,0,13792940,4,0,607060,12914960,3.59,57599990,14402510,"['1', '2', '3', '4', '5']","['4', '3', '2', '1', '5']",5.0,5.0,"[46, 85, 12, 26, 39]"
23_13_sparse_code.cha,0,0,0,0,0,0,14400000,4,0,0,17389880,4.83,57599990,14400000,"['1', '2', '3', '4', '5']","['5', '1', '3', '4', '2']",5.0,5.0,"[0, 52, 51, 38, 67]"
23_14_sparse_code.cha,0,0,3,0,0,10010450,10800000,3,0,0,17178470,4.77,57599990,10800000,"['1', '2', '3', '4', '5']","['5', '3', '1', '4', '2']",5.0,5.0,"[0, 20, 77, 0, 31]"
23_15_sparse_code.cha,0,0,0,0,0,0,10799000,3,0,0,7431150,2.06,57599990,10799000,"['1', '2', '3', '4', '5']","['1', '3', '4', '5', '2']",5.0,5.0,"[53, 23, 0, 0, 57]"
23_16_sparse_code.cha,0,0,0,0,0,0,10800000,3,0,0,21338590,5.93,57599990,10800000,"['1', '2', '3', '4', '5']","['1', '5', '3', '4', '2']",5.0,5.0,"[65, 0, 34, 0, 140]"
23_17_sparse_code.cha,1,1,0,777270,4201590,0,10019350,3,0,778130,20924610,6.03,57599990,14998210,"['1', '2', '3', '4', '5']","['4', '2', '1', '3', '5']",5.0,5.0,"[19, 23, 80, 29, 0]"
25_06_sparse_code.cha,0,0,0,0,0,0,0,0,0,0,6021210,1.67,45968180,39946970,[],[],0.0,0.0,[]
25_07_sparse_code.cha,0,0,0,0,0,0,0,0,0,0,13564260,3.77,41390930,27826670,[],[],0.0,0.0,[]
25_08_sparse_code.cha,1,0,0,941820,0,0,13534720,4,0,865280,4900,0.0,24000000,14476540,"['1', '2', '3', '4', '5']","['4', '3', '1', '5', '2']",5.0,5.0,"[40, 9, 8, 1, 0]"
25_09_sparse_code.cha,2,0,0,2217400,0,0,12395060,4,0,1012080,11520970,3.2,42845240,14612460,"['1', '2', '3', '4', '5']","['3', '5', '1', '4', '2']",5.0,5.0,"[36, 27, 36, 53, 48]"
25_10_sparse_code.cha,1,0,0,1250,0,0,14400000,4,0,0,4693760,1.3,46080740,14401250,"['1', '2', '3', '4', '5']","['2', '5', '1', '3', '4']",5.0,5.0,"[38, 1, 4, 42, 0]"
25_11_sparse_code.cha,0,0,0,0,0,0,14400000,4,0,0,6396090,1.78,42153490,14400000,"['1', '2', '3', '4', '5']","['5', '2', '3', '4', '1']",5.0,5.0,"[0, 75, 23, 25, 27]"
25_12_sparse_code.cha,0,2,0,0,468210,0,14133460,5,0,0,16219360,4.51,37015430,14601670,"['1', '2', '3', '4', '5']","['2', '4', '3', '1', '5']",5.0,5.0,"[40, 4, 6, 8, 9]"
25_13_sparse_code.cha,1,0,0,1491620,0,0,13038400,4,0,724910,8909740,2.47,46201550,14530020,"['1', '2', '3', '4', '5']","['2', '5', '1', '4', '3']",5.0,5.0,"[49, 20, 67, 26, 80]"
25_14_sparse_code.cha,0,0,0,0,0,0,10800000,3,0,0,7822440,2.17,40839050,10800000,"['1', '2', '3', '4', '5']","['5', '3', '2', '1', '4']",5.0,5.0,"[0, 90, 76, 66, 0]"
25_15_sparse_code.cha,0,0,0,0,0,0,10594030,3,0,0,7275150,2.02,36535930,10594030,"['1', '2', '3', '4', '5']","['5', '2', '3', '4', '1']",5.0,5.0,"[0, 10, 5, 0, 12]"
25_16_sparse_code.cha,0,0,0,0,0,0,10800000,3,0,0,9949920,2.76,44354740,10800000,"['1', '2', '3', '4', '5']","['5', '4', '2', '3', '1']",5.0,5.0,"[0, 0, 71, 8, 34]"
25_17_sparse_code.cha,0,0,0,0,0,0,10800000,3,0,0,430990,0.12,37959800,10800000,"['1', '2', '3', '4', '5']","['3', '5', '2', '1', '4']",5.0,5.0,"[211, 0, 91, 36, 0]"
26_06_sparse_code.cha,0,0,0,0,0,0,0,0,0,0,36967110,10.27,57599990,20632880,[],[],0.0,0.0,[]
26_07_sparse_code.cha,0,0,0,0,0,0,0,0,0,0,34481370,9.58,57599990,23118620,[],[],0.0,0.0,[]
26_08_sparse_code.cha,1,1,1,1499960,428120,384360,12412760,4,0,1253140,34589540,9.61,57599990,14340840,"['1', '2', '3', '4', '5']","['5', '1', '2', '3', '4']",5.0,5.0,"[41, 38, 35, 35, 34]"
26_09_sparse_code.cha,0,0,0,0,0,0,13878270,4,0,0,35006090,9.72,57599990,13878270,"['1', '2', '3', '4', '5']","['5', '3', '4', '1', '2']",5.0,5.0,"[0, 72, 42, 44, 10]"
26_10_sparse_code.cha,1,0,0,2641440,0,0,11959250,4,0,2222030,28415200,7.89,57599990,14600690,"['1', '2', '3', '4', '5']","['3', '1', '2', '4', '5']",5.0,5.0,"[73, 38, 24, 68, 5]"
26_11_sparse_code.cha,1,0,0,792630,0,0,13004470,4,0,0,21902440,6.08,57599990,13797100,"['1', '2', '3', '4', '5']","['5', '2', '4', '1', '3']",5.0,5.0,"[5, 31, 67, 69, 85]"
26_12_sparse_code.cha,0,0,0,0,0,0,14400000,4,0,0,27187850,7.55,57599990,14400000,"['1', '2', '3', '4', '5']","['2', '3', '4', '1', '5']",5.0,5.0,"[48, 32, 10, 30, 0]"
26_13_sparse_code.cha,0,0,0,0,0,0,14400000,4,0,0,23805020,6.61,57599990,14400000,"['1', '2', '3', '4', '5']","['3', '5', '1', '2', '4']",5.0,5.0,"[76, 0, 68, 101, 77]"
26_14_sparse_code.cha,0,0,0,0,0,0,9710580,3,0,0,25897540,7.19,57599990,9710580,"['1', '2', '3', '4', '5']","['5', '1', '2', '3', '4']",5.0,5.0,"[0, 38, 46, 73, 0]"
26_15_sparse_code.cha,1,0,0,1314930,0,0,9290070,3,0,0,25867900,7.19,57599990,10605000,"['1', '2', '3', '4', '5']","['5', '4', '1', '2', '3']",5.0,5.0,"[0, 38, 90, 47, 17]"
26_16_sparse_code.cha,0,0,0,0,0,0,10800000,3,0,0,26953750,7.49,57599990,10800000,"['1', '2', '3', '4', '5']","['2', '1', '5', '3', '4']",5.0,5.0,"[118, 95, 0, 62, 0]"
26_17_sparse_code.cha,0,0,0,0,0,0,10800000,3,0,0,25175000,6.99,57599990,10800000,"['1', '2', '3', '4', '5']","['4', '3', '2', '1', '5']",5.0,5.0,"[0, 57, 125, 90, 0]"
27_06_sparse_code.cha,0,0,0,0,0,0,0,0,0,12963010,12824470,5.99,57599990,31812510,[],[],0.0,0.0,[]
27_07_sparse_code.cha,0,0,0,0,0,0,0,0,0,449680,18372680,5.1,57599990,38777630,[],[],0.0,0.0,[]
27_08_sparse_code.cha,0,0,0,0,0,0,14400000,4,0,0,26425830,7.34,57599990,14400000,"['1', '2', '3', '4', '5']","['1', '4', '2', '5', '3']",5.0,5.0,"[161, 96, 52, 0, 93]"
27_09_sparse_code.cha,1,0,0,991410,0,0,13403500,4,0,0,23494380,6.53,57599990,14394910,"['1', '2', '3', '4', '5']","['4', '3', '1', '5', '2']",5.0,5.0,"[74, 21, 120, 42, 77]"
27_10_sparse_code.cha,1,0,0,777110,0,0,13622320,4,0,1171030,25152650,7.29,57599990,14399430,"['1', '2', '3', '4', '5']","['4', '3', '1', '5', '2']",5.0,5.0,"[111, 78, 33, 29, 221]"
27_11_sparse_code.cha,0,0,0,0,0,0,14400000,4,0,0,21809350,6.06,57599990,14400000,"['1', '2', '3', '4', '5']","['5', '2', '4', '3', '1']",5.0,5.0,"[0, 150, 44, 25, 143]"
27_12_sparse_code.cha,1,0,0,734170,0,0,13666740,4,0,733260,19515930,5.61,57599990,14400910,"['1', '2', '3', '4', '5']","['4', '3', '2', '1', '5']",5.0,5.0,"[110, 207, 105, 131, 8]"
27_13_sparse_code.cha,1,0,0,389710,0,0,14010310,4,0,0,21014140,5.84,57599990,14400020,"['1', '2', '3', '4', '5']","['1', '5', '2', '3', '4']",5.0,5.0,"[236, 25, 184, 179, 161]"
27_14_sparse_code.cha,0,0,0,0,0,0,10319080,3,0,0,23538720,6.54,57599990,10319080,"['1', '2', '3', '4', '5']","['2', '1', '3', '4', '5']",5.0,5.0,"[593, 153, 212, 0, 0]"
27_15_sparse_code.cha,0,0,0,0,0,0,10670380,3,0,0,15019630,4.17,57599990,10670380,"['1', '2', '3', '4', '5']","['4', '1', '2', '5', '3']",5.0,5.0,"[0, 173, 182, 0, 77]"
27_16_sparse_code.cha,1,0,0,602930,0,0,9954450,3,0,678440,17837080,5.14,57599990,10557380,"['1', '2', '3', '4', '5']","['4', '5', '2', '1', '3']",5.0,5.0,"[48, 0, 205, 226, 125]"
27_17_sparse_code.cha,0,0,0,0,0,0,10800000,3,0,0,25411150,7.06,57599990,10800000,"['1', '2', '3', '4', '5']","['4', '5', '3', '2', '1']",5.0,5.0,"[0, 0, 223, 144, 278]"
28_06_sparse_code.cha,0,0,0,0,0,0,0,0,0,0,20674740,5.74,43519680,22844940,[],[],0.0,0.0,[]
28_07_sparse_code.cha,0,0,0,0,0,0,0,0,0,0,10987710,3.05,43913550,32925840,[],[],0.0,0.0,[]
28_08_sparse_code.cha,1,0,0,1017050,0,0,13471040,4,0,0,7278940,2.02,40686990,14488090,"['1', '2', '3', '4', '5']","['1', '5', '4', '2', '3']",5.0,5.0,"[115, 2, 34, 169, 55]"
28_09_sparse_code.cha,1,0,0,1123170,0,0,13320300,4,0,1079700,17012820,4.73,50720610,14443470,"['1', '2', '3', '4', '5']","['2', '5', '3', '4', '1']",5.0,5.0,"[91, 19, 72, 49, 65]"
28_10_sparse_code.cha,1,0,0,1196910,0,0,13097360,4,0,1143740,15364140,4.27,47159110,14294270,"['1', '2', '3', '4', '5']","['2', '4', '5', '3', '1']",5.0,5.0,"[88, 104, 18, 31, 61]"
28_11_sparse_code.cha,0,0,0,0,0,0,14400000,4,0,0,6759200,1.88,38447740,14400000,"['1', '2', '3', '4', '5']","['3', '5', '1', '2', '4']",5.0,5.0,"[44, 0, 31, 88, 76]"
28_12_sparse_code.cha,0,0,0,0,0,0,14008620,4,0,0,21208860,5.89,44743050,14008620,"['1', '2', '3', '4', '5']","['3', '1', '4', '5', '2']",5.0,5.0,"[96, 76, 23, 0, 162]"
28_13_sparse_code.cha,0,0,0,0,0,0,14400000,4,0,0,15661120,4.35,39900000,14400000,"['1', '2', '3', '4', '5']","['2', '5', '4', '3', '1']",5.0,5.0,"[131, 0, 47, 74, 30]"
28_14_sparse_code.cha,0,0,0,0,0,0,10564310,3,0,0,16163580,4.49,37234740,10564310,"['1', '2', '3', '4', '5']","['3', '4', '1', '5', '2']",5.0,5.0,"[63, 0, 391, 0, 93]"
28_15_sparse_code.cha,0,0,0,0,0,0,10794210,3,0,0,11105790,3.08,34082430,10794210,"['1', '2', '3', '4', '5']","['5', '2', '4', '3', '1']",5.0,5.0,"[0, 148, 0, 49, 84]"
28_16_sparse_code.cha,0,0,0,0,0,0,10800000,3,0,0,9306750,2.59,39999680,10800000,"['1', '2', '3', '4', '5']","['2', '3', '4', '5', '1']",5.0,5.0,"[103, 81, 0, 0, 191]"
28_17_sparse_code.cha,0,0,0,0,0,0,10678010,3,0,0,26057220,7.24,58200000,10678010,"['1', '2', '3', '4', '5']","['2', '4', '3', '1', '5']",5.0,5.0,"[44, 0, 54, 77, 0]"
29_06_sparse_code.cha,0,0,0,0,0,0,0,0,0,0,7311620,2.03,50684930,43373310,[],[],0.0,0.0,[]
29_07_sparse_code.cha,0,0,0,0,0,0,0,0,0,0,5288820,1.47,47564050,42275230,[],[],0.0,0.0,[]
29_08_sparse_code.cha,0,0,0,0,0,0,14400000,4,0,0,4138780,1.15,56723550,14400000,"['1', '2', '3', '4', '5']","['4', '1', '5', '3', '2']",5.0,5.0,"[163, 193, 0, 141, 173]"
29_09_sparse_code.cha,0,0,0,0,0,0,14141220,4,0,258780,7172430,1.99,43514930,14141220,"['1', '2', '3', '4', '5']","['3', '5', '1', '2', '4']",5.0,5.0,"[78, 0, 71, 97, 59]"
29_10_sparse_code.cha,0,0,0,0,0,0,14400000,4,0,0,6767360,1.88,46825800,14400000,"['1', '2', '3', '4', '5']","['4', '3', '2', '5', '1']",5.0,5.0,"[78, 89, 58, 0, 92]"
29_11_sparse_code.cha,0,0,0,0,0,0,14400000,4,0,0,2763490,0.77,36951110,14400000,"['1', '2', '3', '4', '5']","['2', '4', '1', '3', '5']",5.0,5.0,"[154, 65, 110, 229, 0]"
29_12_sparse_code.cha,0,0,0,0,0,0,14399990,4,0,0,4313000,1.2,45113990,14399990,"['1', '2', '3', '4', '5']","['4', '1', '2', '3', '5']",5.0,5.0,"[150, 184, 135, 71, 0]"
29_13_sparse_code.cha,0,0,0,0,0,0,14400000,4,0,0,7797600,2.17,41400000,14400000,"['1', '2', '3', '4', '5']","['1', '2', '4', '5', '3']",5.0,5.0,"[113, 145, 138, 0, 103]"
29_14_sparse_code.cha,0,0,0,0,0,0,10800000,3,0,0,8434160,2.34,35808990,10800000,"['1', '2', '3', '4', '5']","['1', '3', '5', '4', '2']",5.0,5.0,"[83, 71, 0, 0, 164]"
29_15_sparse_code.cha,0,0,0,0,0,0,10800000,3,0,0,6319400,1.76,41636300,10800000,"['1', '2', '3', '4', '5']","['3', '4', '2', '5', '1']",5.0,5.0,"[170, 0, 144, 0, 114]"
29_16_sparse_code.cha,0,0,0,0,0,0,10680310,3,0,0,11040560,3.07,44400000,10680310,"['1', '2', '3', '4', '5']","['4', '2', '1', '3', '5']",5.0,5.0,"[0, 98, 89, 203, 0]"
29_17_sparse_code.cha,0,0,0,0,0,0,10800000,3,0,0,3870020,1.08,38613050,10800000,"['1', '2', '3', '4', '5']","['1', '2', '3', '4', '5']",5.0,5.0,"[206, 122, 131, 0, 0]"
30_06_sparse_code.cha,0,0,0,0,0,0,0,0,0,156920,13149530,3.65,57599990,44293540,[],[],0.0,0.0,[]
30_07_sparse_code.cha,0,0,0,0,0,0,0,0,0,5411790,12106210,3.36,57599990,40081990,[],[],0.0,0.0,[]
30_08_sparse_code.cha,0,0,0,0,0,0,14399999,4,0,0,28447830,7.9,57599990,14399999,"['1', '2', '3', '4', '5']","['3', '2', '4', '5', '1']",5.0,5.0,"[107, 147, 139, 0, 194]"
30_09_sparse_code.cha,1,0,0,2285070,0,0,12091349,4,0,656180,17297150,4.8,57599990,14376419,"['1', '2', '3', '4', '5']","['3', '5', '4', '2', '1']",5.0,5.0,"[109, 81, 68, 66, 94]"
30_10_sparse_code.cha,0,0,0,0,0,0,14375210,4,0,0,27165870,7.55,57599990,14375210,"['1', '2', '3', '4', '5']","['3', '4', '2', '1', '5']",5.0,5.0,"[220, 97, 106, 129, 0]"
30_11_sparse_code.cha,2,1,0,1502700,499820,0,12244940,4,0,695980,23313620,6.48,57599990,14247460,"['1', '2', '3', '4', '5']","['5', '3', '1', '4', '2']",5.0,5.0,"[13, 96, 112, 106, 20]"
30_12_sparse_code.cha,1,0,0,2396800,0,0,12341720,4,0,679070,12403570,3.45,57599990,14738520,"['1', '2', '3', '4', '5']","['1', '2', '3', '5', '4']",5.0,5.0,"[124, 119, 64, 55, 193]"
30_13_sparse_code.cha,1,0,0,478490,0,0,13921850,4,0,0,38619340,10.73,57599990,14400340,"['1', '2', '3', '4', '5']","['5', '2', '1', '3', '4']",5.0,5.0,"[48, 71, 60, 150, 133]"
30_14_sparse_code.cha,0,0,0,0,0,0,10716370,3,0,0,24422660,6.78,57599990,10716370,"['1', '2', '3', '4', '5']","['5', '1', '2', '3', '4']",5.0,5.0,"[0, 266, 106, 137, 0]"
30_15_sparse_code.cha,0,0,0,0,0,0,9876270,3,0,0,25783190,7.16,57599990,9876270,"['1', '2', '3', '4', '5']","['2', '5', '4', '3', '1']",5.0,5.0,"[108, 0, 0, 95, 169]"
30_16_sparse_code.cha,0,0,0,0,0,0,10800000,3,0,0,11832700,3.29,57599990,10800000,"['1', '2', '3', '4', '5']","['1', '5', '3', '2', '4']",5.0,5.0,"[252, 0, 92, 191, 0]"
30_17_sparse_code.cha,0,0,0,0,0,0,10800000,3,0,0,32772080,9.1,57599990,10800000,"['1', '2', '3', '4', '5']","['5', '2', '4', '3', '1']",5.0,5.0,"[0, 188, 0, 201, 233]"
31_06_sparse_code.cha,0,0,0,0,0,0,0,0,0,3485200,32796380,9.96,57599990,21318410,[],[],0.0,0.0,[]
31_07_sparse_code.cha,0,0,0,0,0,0,0,0,0,8632650,22957440,6.38,57599990,26009900,[],[],0.0,0.0,[]
31_08_sparse_code.cha,0,0,0,0,0,0,14400000,4,0,0,24777290,6.88,57599990,14400000,"['1', '2', '3', '4', '5']","['5', '3', '1', '2', '4']",5.0,5.0,"[0, 11, 3, 139, 79]"
31_09_sparse_code.cha,0,0,0,0,0,0,14400000,4,0,0,25894740,7.19,57599990,14400000,"['1', '2', '3', '4', '5']","['2', '5', '3', '4', '1']",5.0,5.0,"[138, 0, 103, 69, 100]"
31_10_sparse_code.cha,0,0,0,0,0,0,14400000,4,0,0,10338050,2.87,57599990,14400000,"['1', '2', '3', '4', '5']","['3', '2', '1', '4', '5']",5.0,5.0,"[144, 118, 21, 143, 0]"
31_11_sparse_code.cha,0,0,0,0,0,0,14400000,4,0,0,20534270,5.7,57599990,14400000,"['1', '2', '3', '4', '5']","['4', '3', '1', '5', '2']",5.0,5.0,"[64, 54, 65, 0, 181]"
31_12_sparse_code.cha,0,0,0,0,0,0,14400000,4,0,0,18895190,5.25,57599990,14400000,"['1', '2', '3', '4', '5']","['1', '3', '2', '4', '5']",5.0,5.0,"[59, 60, 165, 120, 0]"
31_13_sparse_code.cha,1,0,0,177470,0,0,14221720,4,0,0,21253790,5.9,57599990,14399190,"['1', '2', '3', '4', '5']","['1', '3', '2', '4', '5']",5.0,5.0,"[87, 31, 82, 120, 4]"
31_14_sparse_code.cha,1,0,0,967870,0,0,9823340,3,0,1075290,27009100,7.8,57599990,10791210,"['1', '2', '3', '4', '5']","['1', '2', '3', '5', '4']",5.0,5.0,"[156, 100, 51, 0, 95]"
31_15_sparse_code.cha,0,0,0,0,0,0,10800000,3,0,0,26935110,7.48,57599990,10800000,"['1', '2', '3', '4', '5']","['4', '2', '5', '1', '3']",5.0,5.0,"[0, 72, 0, 18, 122]"
31_16_sparse_code.cha,0,0,0,0,0,0,10800000,3,0,0,40054640,11.13,57599990,10800000,"['1', '2', '3', '4', '5']","['1', '4', '5', '2', '3']",5.0,5.0,"[84, 0, 0, 116, 161]"
31_17_sparse_code.cha,0,0,0,0,0,0,10800000,3,0,0,20684910,5.75,57599990,10800000,"['1', '2', '3', '4', '5']","['5', '3', '1', '4', '2']",5.0,5.0,"[0, 93, 147, 0, 175]"
32_06_sparse_code.cha,0,0,0,0,0,0,0,0,0,1183490,18688660,5.19,57599990,37727840,[],[],0.0,0.0,[]
32_07_sparse_code.cha,0,0,0,0,0,0,0,0,0,607210,10607950,2.95,57599990,46384830,[],[],0.0,0.0,[]
32_08_sparse_code.cha,0,0,0,0,0,0,14241920,4,0,0,28852850,8.01,57599990,14241920,"['1', '2', '3', '4', '5']","['3', '2', '1', '4', '5']",5.0,5.0,"[127, 123, 123, 66, 0]"
32_09_sparse_code.cha,0,0,0,0,0,0,14399999,4,0,0,14972950,4.16,57599990,14399999,"['1', '2', '3', '4', '5']","['3', '1', '2', '5', '4']",5.0,5.0,"[21, 41, 30, 0, 54]"
32_10_sparse_code.cha,0,0,0,0,0,0,14243570,4,0,0,20775630,5.77,57599990,14243570,"['1', '2', '3', '4', '5']","['5', '3', '4', '2', '1']",5.0,5.0,"[0, 6, 85, 12, 5]"
32_11_sparse_code.cha,1,0,0,841110,0,0,13414220,4,0,0,17457220,4.85,57599990,14255330,"['1', '2', '3', '4', '5']","['5', '4', '3', '1', '2']",5.0,5.0,"[9, 58, 41, 72, 71]"
32_12_sparse_code.cha,1,0,0,2044750,0,0,12359390,4,0,2040610,13575750,3.77,57599990,14404140,"['1', '2', '3', '4', '5']","['2', '4', '5', '3', '1']",5.0,5.0,"[73, 16, 35, 104, 48]"
32_13_sparse_code.cha,1,1,1,3558670,599430,928270,9319710,4,0,4163460,13008300,3.61,57599990,13477810,"['1', '2', '3', '4', '5']","['1', '2', '4', '3', '5']",5.0,5.0,"[33, 36, 20, 45, 71]"
32_14_sparse_code.cha,1,0,0,841650,0,0,9983810,3,0,0,9181290,2.55,57599990,10825460,"['1', '2', '3', '4', '5']","['1', '4', '2', '5', '3']",5.0,5.0,"[79, 5, 7, 0, 101]"
32_15_sparse_code.cha,0,0,0,0,0,0,10800000,3,0,0,23577760,6.55,57599990,10800000,"['1', '2', '3', '4', '5']","['1', '5', '3', '2', '4']",5.0,5.0,"[13, 0, 78, 70, 0]"
32_16_sparse_code.cha,0,0,0,0,0,0,10800000,3,0,0,26400560,7.33,57599990,10800000,"['1', '2', '3', '4', '5']","['3', '2', '4', '1', '5']",5.0,5.0,"[88, 86, 0, 37, 0]"
32_17_sparse_code.cha,0,0,0,0,0,0,10800000,3,0,0,24060670,6.68,57599990,10800000,"['1', '2', '3', '4', '5']","['5', '2', '1', '3', '4']",5.0,5.0,"[0, 91, 136, 80, 0]"
33_06_sparse_code.cha,0,0,0,0,0,0,0,0,0,13158070,11320,2.22,48023050,34853660,[],[],0.0,0.0,[]
33_07_sparse_code.cha,0,0,0,0,0,0,0,0,0,1402730,6581370,1.83,48075050,40090950,[],[],0.0,0.0,[]
33_08_sparse_code.cha,0,0,0,0,0,0,13902960,4,0,497040,10464290,2.91,46472930,13902960,"['1', '2', '3', '4', '5']","['1', '2', '4', '5', '3']",5.0,5.0,"[174, 83, 117, 0, 113]"
33_09_sparse_code.cha,0,0,0,0,0,0,14000800,4,0,0,11248590,3.12,49173430,14000800,"['1', '2', '3', '4', '5']","['3', '5', '2', '4', '1']",5.0,5.0,"[233, 0, 139, 191, 128]"
33_10_sparse_code.cha,0,0,0,0,0,0,14182180,4,0,0,6440560,1.79,46389800,14182180,"['1', '2', '3', '4', '5']","['5', '3', '1', '4', '2']",5.0,5.0,"[0, 39, 94, 75, 147]"
33_11_sparse_code.cha,1,0,0,608360,0,0,13490090,4,0,613710,6958210,1.93,48073800,14098450,"['1', '2', '3', '4', '5']","['4', '3', '1', '2', '5']",5.0,5.0,"[143, 91, 68, 88, 32]"
33_12_sparse_code.cha,0,0,0,0,0,0,14400000,4,0,0,9230660,2.56,45692180,14400000,"['1', '2', '3', '4', '5']","['2', '3', '5', '1', '4']",5.0,5.0,"[122, 281, 0, 114, 107]"
33_13_sparse_code.cha,0,0,0,0,0,0,14400000,4,0,0,9867740,2.74,45900000,14400000,"['1', '2', '3', '4', '5']","['3', '4', '2', '1', '5']",5.0,5.0,"[176, 235, 207, 272, 0]"
33_14_sparse_code.cha,0,0,0,0,0,0,10800000,3,0,0,7478170,2.08,50536300,10800000,"['1', '2', '3', '4', '5']","['5', '3', '1', '4', '2']",5.0,5.0,"[0, 177, 288, 0, 165]"
33_15_sparse_code.cha,0,0,0,0,0,0,10800000,3,0,0,2491120,0.69,37160800,10800000,"['1', '2', '3', '4', '5']","['3', '1', '5', '2', '4']",5.0,5.0,"[98, 159, 0, 228, 0]"
33_16_sparse_code.cha,0,0,0,0,0,0,10800000,3,0,0,0,0.0,34254680,10800000,"['1', '2', '3', '4', '5']","['3', '5', '2', '4', '1']",5.0,5.0,"[250, 0, 187, 0, 324]"
33_17_sparse_code.cha,0,0,0,0,0,0,10800000,3,0,0,4574430,1.27,47052240,10800000,"['1', '2', '3', '4', '5']","['2', '5', '3', '4', '1']",5.0,5.0,"[243, 0, 288, 0, 342]"
34_06_sparse_code.cha,0,0,0,0,0,0,0,0,0,18226280,9785650,3.24,57599990,29588060,[],[],0.0,0.0,[]
34_07_sparse_code.cha,0,0,0,0,0,0,0,0,0,9255110,16591570,5.01,57599990,31753310,[],[],0.0,0.0,[]
34_08_sparse_code.cha,0,0,0,0,0,0,14400000,4,0,0,20825080,5.78,57599990,14400000,"['1', '2', '3', '4', '5']","['5', '1', '3', '2', '4']",5.0,5.0,"[0, 20, 58, 32, 4]"
34_09_sparse_code.cha,0,3,0,0,5100000,0,9814730,3,0,747860,28869290,8.02,57599990,14914730,"['1', '2', '3', '4', '5']","['4', '3', '2', '5', '1']",5.0,5.0,"[0, 4, 41, 0, 17]"
34_10_sparse_code.cha,0,0,0,0,0,0,14131770,4,0,0,34685820,9.63,57599990,14131770,"['1', '2', '3', '4', '5']","['2', '1', '3', '4', '5']",5.0,5.0,"[1, 30, 0, 8, 0]"
34_11_sparse_code.cha,0,0,0,0,0,0,14033040,4,0,0,9289480,2.58,31800000,14033040,"['1', '2', '3', '4', '5']","['3', '2', '5', '1', '4']",5.0,5.0,"[16, 7, 0, 51, 13]"
34_12_sparse_code.cha,1,0,0,1477500,0,0,12923530,4,0,0,3422260,0.95,26857990,14401030,"['1', '2', '3', '4', '5']","['1', '4', '5', '3', '2']",5.0,5.0,"[19, 2, 7, 19, 8]"
34_13_sparse_code.cha,0,0,0,0,0,0,12202010,4,0,0,11305340,3.14,26507430,12202010,"['1', '2', '3', '4', '5']","['1', '5', '4', '3', '2']",5.0,5.0,"[2, 0, 0, 35, 51]"
34_14_sparse_code.cha,1,0,0,388400,0,0,10072410,3,0,386130,12056440,3.35,29208240,10460810,"['1', '2', '3', '4', '5']","['4', '3', '1', '2', '5']",5.0,5.0,"[4, 3, 27, 13, 0]"
34_15_sparse_code.cha,0,0,0,0,0,0,10800000,3,0,0,1599900,0.44,24832490,10800000,"['1', '2', '3', '4', '5']","['4', '1', '5', '2', '3']",5.0,5.0,"[0, 20, 0, 43, 39]"
34_16_sparse_code.cha,1,0,0,1042260,0,0,9753960,3,0,1046040,0,0.0,29699990,10796220,"['1', '2', '3', '4', '5']","['3', '1', '2', '5', '4']",5.0,5.0,"[11, 16, 37, 3, 0]"
34_17_sparse_code.cha,0,0,0,0,0,0,10800000,3,0,0,4555860,1.27,30687990,10800000,"['1', '2', '3', '4', '5']","['4', '2', '1', '5', '3']",5.0,5.0,"[0, 81, 24, 0, 14]"
35_06_sparse_code.cha,0,0,0,0,0,0,0,0,0,1445560,12405440,3.45,42426300,28575300,[],[],0.0,0.0,[]
35_07_sparse_code.cha,0,0,0,0,0,0,0,0,0,1521250,13551760,3.76,42428610,27355600,[],[],0.0,0.0,[]
35_08_sparse_code.cha,1,0,0,1911090,0,0,12496670,4,0,0,11985390,3.33,43294610,14407760,"['1', '2', '3', '4', '5']","['4', '2', '3', '5', '1']",5.0,5.0,"[69, 28, 87, 0, 3]"
35_09_sparse_code.cha,1,0,0,899860,0,0,12600200,4,0,883220,8163710,2.27,40255180,13500060,"['1', '2', '3', '4', '5']","['4', '2', '3', '1', '5']",5.0,5.0,"[39, 49, 38, 74, 4]"
35_10_sparse_code.cha,0,0,0,0,0,0,14399990,4,0,0,12010030,3.34,43794610,14399990,"['1', '2', '3', '4', '5']","['4', '1', '3', '5', '2']",5.0,5.0,"[116, 54, 132, 0, 42]"
35_11_sparse_code.cha,0,0,0,0,0,0,14400000,4,0,0,4619560,1.28,38869490,14400000,"['1', '2', '3', '4', '5']","['5', '2', '4', '3', '1']",5.0,5.0,"[0, 74, 12, 13, 50]"
35_12_sparse_code.cha,1,0,0,628700,0,0,13774800,4,0,625200,7578990,2.11,48103180,14403500,"['1', '2', '3', '4', '5']","['5', '3', '1', '2', '4']",5.0,5.0,"[10, 162, 98, 84, 78]"
35_13_sparse_code.cha,1,0,0,267660,0,0,14131190,4,0,0,5661740,1.57,34432240,14398850,"['1', '2', '3', '4', '5']","['4', '5', '1', '3', '2']",5.0,5.0,"[155, 14, 77, 106, 132]"
35_14_sparse_code.cha,0,0,0,0,0,0,10677150,3,0,0,7095140,1.97,41611430,10677150,"['1', '2', '3', '4', '5']","['5', '4', '2', '3', '1']",5.0,5.0,"[0, 0, 49, 84, 117]"
35_15_sparse_code.cha,1,0,0,1021990,0,0,9790200,3,0,1009800,5908590,1.64,37675360,10812190,"['1', '2', '3', '4', '5']","['4', '1', '3', '2', '5']",5.0,5.0,"[34, 45, 97, 28, 0]"
35_16_sparse_code.cha,0,0,0,0,0,0,10800000,3,0,0,6985890,1.94,47357110,10800000,"['1', '2', '3', '4', '5']","['3', '1', '4', '2', '5']",5.0,5.0,"[43, 107, 0, 36, 0]"
35_17_sparse_code.cha,0,0,0,0,0,0,10800000,3,0,0,3363510,0.93,43586680,10800000,"['1', '2', '3', '4', '5']","['4', '3', '2', '1', '5']",5.0,5.0,"[0, 88, 211, 81, 0]"
36_06_sparse_code.cha,0,0,0,0,0,0,0,0,0,462370,8882420,2.47,40341610,30996820,[],[],0.0,0.0,[]
36_07_sparse_code.cha,0,0,0,0,0,0,0,0,0,426400,15703400,4.36,47045550,30915750,[],[],0.0,0.0,[]
36_08_sparse_code.cha,0,0,0,0,0,0,13730500,4,0,0,10546220,2.93,40572860,13730500,"['1', '2', '3', '4', '5']","['2', '1', '4', '5', '3']",5.0,5.0,"[93, 63, 87, 0, 100]"
36_09_sparse_code.cha,0,0,0,0,0,0,14141640,4,0,0,11946890,3.32,42000000,14141640,"['1', '2', '3', '4', '5']","['4', '5', '1', '2', '3']",5.0,5.0,"[56, 0, 58, 67, 62]"
36_10_sparse_code.cha,0,1,0,0,2096330,0,12067990,4,0,0,13432010,3.73,43905990,14164320,"['1', '2', '3', '4', '5']","['1', '5', '2', '3', '4']",5.0,5.0,"[86, 0, 68, 77, 28]"
36_11_sparse_code.cha,0,0,0,0,0,0,14356695,4,0,0,20744851,5.76,43525110,14356695,"['1', '2', '3', '4', '5']","['4', '3', '2', '5', '1']",5.0,5.0,"[7, 36, 69, 0, 98]"
36_12_sparse_code.cha,0,0,0,0,0,0,14041700,4,0,358300,18002310,5.02,43533860,14041700,"['1', '2', '3', '4', '5']","['3', '4', '5', '2', '1']",5.0,5.0,"[9, 28, 0, 102, 163]"
36_13_sparse_code.cha,0,0,0,0,0,0,14400000,4,0,0,9431930,2.62,38700000,14400000,"['1', '2', '3', '4', '5']","['4', '3', '1', '5', '2']",5.0,5.0,"[71, 67, 103, 0, 45]"
36_14_sparse_code.cha,0,0,0,0,0,0,10800000,3,0,0,5949650,1.65,42777610,10800000,"['1', '2', '3', '4', '5']","['4', '3', '5', '1', '2']",5.0,5.0,"[0, 42, 0, 30, 226]"
36_15_sparse_code.cha,1,0,0,3211940,0,0,7584410,3,0,3216160,6771060,1.88,43128180,10796350,"['1', '2', '3', '4', '5']","['3', '1', '2', '5', '4']",5.0,5.0,"[72, 5, 55, 0, 45]"
36_16_sparse_code.cha,0,0,0,0,0,0,10104930,3,0,0,8864780,2.46,43724300,10104930,"['1', '2', '3', '4', '5']","['5', '4', '1', '3', '2']",5.0,5.0,"[0, 0, 97, 139, 126]"
36_17_sparse_code.cha,0,0,0,0,0,0,10800000,3,0,0,8096620,2.25,43116680,10800000,"['1', '2', '3', '4', '5']","['1', '5', '3', '4', '2']",5.0,5.0,"[125, 0, 57, 0, 69]"
37_06_sparse_code.cha,0,0,0,0,0,0,0,0,0,1343790,28027090,7.79,57599990,28229110,[],[],0.0,0.0,[]
37_07_sparse_code.cha,0,0,0,0,0,0,0,0,0,13923520,8986370,5.97,57599990,34690100,[],[],0.0,0.0,[]
37_08_sparse_code.cha,0,0,0,0,0,0,14399990,4,0,0,27423310,7.62,57599990,14399990,"['1', '2', '3', '4', '5']","['4', '1', '5', '3', '2']",5.0,5.0,"[36, 75, 0, 37, 78]"
37_09_sparse_code.cha,0,0,0,0,0,0,13817000,4,0,0,34651210,9.63,57599990,13817000,"['1', '2', '3', '4', '5']","['4', '1', '5', '3', '2']",5.0,5.0,"[69, 51, 0, 36, 53]"
37_10_sparse_code.cha,0,0,0,0,0,0,14372800,4,0,0,36595190,10.17,57599990,14372800,"['1', '2', '3', '4', '5']","['5', '3', '4', '2', '1']",5.0,5.0,"[0, 45, 92, 40, 113]"
37_11_sparse_code.cha,0,0,0,0,0,0,14201500,4,0,0,28720990,7.98,57599990,14201500,"['1', '2', '3', '4', '5']","['5', '3', '2', '1', '4']",5.0,5.0,"[0, 115, 32, 99, 40]"
37_12_sparse_code.cha,0,0,0,0,0,0,14114940,4,0,0,31144950,8.65,57599990,14114940,"['1', '2', '3', '4', '5']","['4', '5', '1', '2', '3']",5.0,5.0,"[78, 0, 59, 153, 68]"
37_13_sparse_code.cha,0,0,0,0,0,0,14208960,4,0,199700,26500120,7.42,57599990,14208960,"['1', '2', '3', '4', '5']","['4', '5', '1', '3', '2']",5.0,5.0,"[74, 0, 60, 22, 43]"
37_14_sparse_code.cha,0,0,0,0,0,0,10729910,3,0,0,32810370,9.11,57599990,10729910,"['1', '2', '3', '4', '5']","['1', '3', '5', '2', '4']",5.0,5.0,"[83, 94, 0, 93, 0]"
37_15_sparse_code.cha,0,0,0,0,0,0,10622930,3,0,0,31263960,8.68,57599990,10622930,"['1', '2', '3', '4', '5']","['4', '2', '3', '1', '5']",5.0,5.0,"[0, 32, 28, 93, 0]"
37_16_sparse_code.cha,0,0,0,0,0,0,10800000,3,0,0,28354850,7.88,57599990,10800000,"['1', '2', '3', '4', '5']","['1', '3', '4', '2', '5']",5.0,5.0,"[64, 113, 0, 41, 0]"
37_17_sparse_code.cha,0,0,0,0,0,0,13598100,4,0,0,26846910,7.46,57599990,13598100,"['1', '2', '3', '4', '5']","['1', '5', '2', '3', '4']",5.0,5.0,"[107, 37, 67, 151, 0]"
38_06_sparse_code.cha,0,0,0,0,0,0,0,0,0,4790040,1793010,0.5,47362050,40779000,[],[],0.0,0.0,[]
38_07_sparse_code.cha,0,0,0,0,0,0,0,0,0,977770,17779310,4.94,46490990,27733910,[],[],0.0,0.0,[]
38_08_sparse_code.cha,0,0,0,0,0,0,14356910,4,0,44020,3050170,0.86,43651300,14356910,"['1', '2', '3', '4', '5']","['2', '5', '4', '1', '3']",5.0,5.0,"[70, 0, 136, 103, 30]"
38_09_sparse_code.cha,0,0,0,0,0,0,14400000,4,0,0,10947500,3.04,48847740,14400000,"['1', '2', '3', '4', '5']","['1', '2', '4', '5', '3']",5.0,5.0,"[32, 26, 23, 0, 0]"
38_10_sparse_code.cha,0,0,0,0,0,0,14400000,4,0,0,14643590,4.07,57599990,14400000,"['1', '2', '3', '4', '5']","['3', '5', '2', '1', '4']",5.0,5.0,"[69, 0, 40, 65, 14]"
38_11_sparse_code.cha,0,0,0,0,0,0,14317950,4,0,0,8690300,2.41,48470430,14317950,"['1', '2', '3', '4', '5']","['4', '5', '2', '3', '1']",5.0,5.0,"[77, 0, 66, 80, 114]"
38_12_sparse_code.cha,1,0,0,1084690,0,0,13025820,4,0,1374180,6936860,2.31,47070990,14110510,"['1', '2', '3', '4', '5']","['2', '3', '5', '4', '1']",5.0,5.0,"[67, 55, 36, 29, 39]"
38_13_sparse_code.cha,0,0,0,0,0,0,14400000,4,0,0,10651240,2.96,46945930,14400000,"['1', '2', '3', '4', '5']","['2', '1', '3', '5', '4']",5.0,5.0,"[130, 111, 92, 0, 78]"
38_14_sparse_code.cha,0,0,0,0,0,0,10800000,3,0,0,14732210,4.09,46643550,10800000,"['1', '2', '3', '4', '5']","['1', '2', '3', '5', '4']",5.0,5.0,"[106, 92, 165, 0, 0]"
38_15_sparse_code.cha,0,0,0,0,0,0,10800000,3,0,0,12227880,3.4,55758110,10800000,"['1', '2', '3', '4', '5']","['5', '2', '1', '3', '4']",5.0,5.0,"[0, 191, 230, 120, 0]"
38_16_sparse_code.cha,0,0,0,0,0,0,10800000,3,0,0,4056530,1.13,48058360,10800000,"['1', '2', '3', '4', '5']","['4', '1', '2', '5', '3']",5.0,5.0,"[0, 103, 267, 0, 92]"
38_17_sparse_code.cha,0,0,0,0,0,0,10800000,3,0,0,7873940,2.19,50398300,10800000,"['1', '2', '3', '4', '5']","['5', '4', '2', '3', '1']",5.0,5.0,"[0, 0, 106, 121, 46]"
39_06_sparse_code.cha,0,0,0,0,0,0,0,0,0,2448870,3135950,0.87,40401490,34816670,[],[],0.0,0.0,[]
39_07_sparse_code.cha,0,0,0,0,0,0,0,0,0,2232270,0,0.0,39238110,37005840,[],[],0.0,0.0,[]
39_08_sparse_code.cha,1,0,0,925030,0,0,12875380,4,0,0,16333720,4.54,46272360,13800410,"['1', '2', '3', '4', '5']","['1', '5', '3', '4', '2']",5.0,5.0,"[37, 6, 105, 52, 55]"
39_09_sparse_code.cha,1,0,0,644870,0,0,13666230,4,0,643620,4777700,1.33,43439550,14311100,"['1', '2', '3', '4', '5']","['1', '4', '2', '3', '5']",5.0,5.0,"[191, 76, 22, 24, 2]"
39_10_sparse_code.cha,0,0,0,0,0,0,14400000,4,0,0,2801500,0.78,47063240,14400000,"['1', '2', '3', '4', '5']","['2', '5', '3', '4', '1']",5.0,5.0,"[54, 0, 13, 2, 5]"
39_11_sparse_code.cha,0,0,0,0,0,0,13713800,4,0,69730,8451650,2.35,32401430,13713800,"['1', '2', '3', '4', '5']","['1', '4', '5', '3', '2']",5.0,5.0,"[54, 27, 0, 53, 79]"
39_12_sparse_code.cha,0,0,0,0,0,0,14371030,4,0,0,18766800,5.21,44607430,14371030,"['1', '2', '3', '4', '5']","['1', '4', '3', '2', '5']",5.0,5.0,"[82, 77, 44, 46, 0]"
39_13_sparse_code.cha,0,0,0,0,0,0,11049930,4,0,6745810,22770,0.01,24274240,11049930,"['1', '2', '3', '4', '5']","['3', '1', '5', '4', '2']",5.0,5.0,"[54, 14, 0, 2, 43]"
39_14_sparse_code.cha,0,0,0,0,0,0,10800000,3,0,0,1479930,0.41,39600000,10800000,"['1', '2', '3', '4', '5']","['3', '1', '5', '2', '4']",5.0,5.0,"[69, 45, 0, 88, 0]"
39_15_sparse_code.cha,0,0,0,0,0,0,10800000,3,0,0,6397200,1.78,37315610,10800000,"['1', '2', '3', '4', '5']","['1', '5', '3', '4', '2']",5.0,5.0,"[25, 0, 54, 0, 13]"
39_16_sparse_code.cha,0,0,0,0,0,0,10800000,3,0,0,3879920,1.08,42807490,10800000,"['1', '2', '3', '4', '5']","['3', '1', '4', '5', '2']",5.0,5.0,"[26, 88, 0, 0, 137]"
39_17_sparse_code.cha,1,0,0,130730,0,0,10654500,3,0,147070,15688820,4.36,35149800,10785230,"['1', '2', '3', '4', '5']","['5', '2', '4', '1', '3']",5.0,5.0,"[0, 47, 4, 62, 68]"
40_06_sparse_code.cha,0,0,0,0,0,0,0,0,0,6368320,4609730,1.28,46178300,35200250,[],[],0.0,0.0,[]
40_07_sparse_code.cha,0,0,0,0,0,0,0,0,0,7345310,17476020,4.85,57599990,32778660,[],[],0.0,0.0,[]
40_08_sparse_code.cha,0,0,0,0,0,0,14400000,4,0,0,17042340,4.73,57599990,14400000,"['1', '2', '3', '4', '5']","['3', '4', '1', '5', '2']",5.0,5.0,"[26, 81, 69, 0, 52]"
40_09_sparse_code.cha,0,0,0,0,0,0,14400000,4,0,0,20191230,5.61,57599990,14400000,"['1', '2', '3', '4', '5']","['4', '5', '2', '3', '1']",5.0,5.0,"[91, 0, 113, 91, 74]"
40_10_sparse_code.cha,1,0,0,960620,0,0,13445620,4,0,954380,12972560,3.6,57599990,14406240,"['1', '2', '3', '4', '5']","['1', '2', '3', '5', '4']",5.0,5.0,"[44, 31, 14, 5, 20]"
40_11_sparse_code.cha,1,5,0,32440,2991270,0,11276040,4,0,0,43051650,12.48,57599990,14299750,"['1', '2', '3', '4', '5']","['4', '2', '3', '1', '5']",5.0,5.0,"[2, 98, 69, 100, 1]"
40_12_sparse_code.cha,0,0,0,0,0,0,13888890,4,0,511110,14458870,4.02,57599990,13888890,"['1', '2', '3', '4', '5']","['2', '4', '5', '1', '3']",5.0,5.0,"[44, 52, 0, 31, 46]"
40_13_sparse_code.cha,0,0,0,0,0,0,14400000,4,0,0,26103070,7.25,57599990,14400000,"['1', '2', '3', '4', '5']","['3', '2', '1', '4', '5']",5.0,5.0,"[46, 39, 11, 26, 0]"
40_14_sparse_code.cha,0,0,0,0,0,0,10800000,3,0,0,10064990,2.8,49624300,10800000,"['1', '2', '3', '4', '5']","['4', '3', '5', '2', '1']",5.0,5.0,"[0, 43, 0, 70, 63]"
40_15_sparse_code.cha,1,0,0,2820900,0,0,7989010,3,0,2810990,21987940,6.11,57599990,10809910,"['1', '2', '3', '4', '5']","['4', '2', '5', '3', '1']",5.0,5.0,"[4, 73, 0, 7, 181]"
40_16_sparse_code.cha,0,0,0,0,0,0,10800000,3,0,0,17358200,4.82,57599990,10800000,"['1', '2', '3', '4', '5']","['5', '3', '1', '2', '4']",5.0,5.0,"[0, 13, 171, 63, 0]"
40_17_sparse_code.cha,0,0,0,0,0,0,10800000,3,0,0,12744770,3.54,52070800,10800000,"['1', '2', '3', '4', '5']","['2', '5', '1', '4', '3']",5.0,5.0,"[125, 0, 122, 0, 99]"
41_06_sparse_code.cha,0,0,0,0,0,0,0,0,0,1975490,18496070,5.14,57599990,37128430,[],[],0.0,0.0,[]
41_07_sparse_code.cha,0,0,0,0,0,0,0,0,0,10088360,7455120,2.07,57599990,40056510,[],[],0.0,0.0,[]
41_08_sparse_code.cha,1,0,0,899130,0,0,13326960,4,0,1063370,18131060,5.08,57599990,14226090,"['1', '2', '3', '4', '5']","['5', '2', '3', '1', '4']",5.0,5.0,"[4, 99, 66, 61, 93]"
41_09_sparse_code.cha,1,0,0,1260700,0,0,12943870,4,0,1260580,17088650,5.1,57599990,14204570,"['1', '2', '3', '4', '5']","['2', '4', '5', '1', '3']",5.0,5.0,"[160, 29, 47, 104, 51]"
41_10_sparse_code.cha,1,0,0,1786120,0,0,12614970,4,0,1785030,34696680,9.68,57599990,14401090,"['1', '2', '3', '4', '5']","['5', '3', '4', '1', '2']",5.0,5.0,"[24, 143, 101, 81, 257]"
41_11_sparse_code.cha,1,0,0,1281260,0,0,13636960,4,0,687140,20529050,5.7,57599990,14918220,"['1', '2', '3', '4', '5']","['5', '1', '4', '3', '2']",5.0,5.0,"[21, 120, 152, 78, 115]"
41_12_sparse_code.cha,1,0,0,1363760,0,0,13332200,4,0,0,27955720,7.77,57599990,14695960,"['1', '2', '3', '4', '5']","['2', '5', '4', '1', '3']",5.0,5.0,"[206, 22, 67, 110, 114]"
41_13_sparse_code.cha,1,0,0,1861860,0,0,12542760,4,0,1860780,24686550,6.86,57599990,14404620,"['1', '2', '3', '4', '5']","['2', '1', '4', '5', '3']",5.0,5.0,"[180, 75, 213, 90, 203]"
41_14_sparse_code.cha,0,0,0,0,0,0,10800000,3,0,0,27838490,7.73,57599990,10800000,"['1', '2', '3', '4', '5']","['3', '4', '5', '2', '1']",5.0,5.0,"[149, 0, 0, 96, 211]"
41_15_sparse_code.cha,0,0,0,0,0,0,10800000,3,0,0,21483300,5.97,57599990,10800000,"['1', '2', '3', '4', '5']","['1', '5', '3', '4', '2']",5.0,5.0,"[108, 0, 140, 0, 92]"
41_16_sparse_code.cha,0,0,0,0,0,0,10800000,3,0,0,24449280,6.79,57599990,10800000,"['1', '2', '3', '4', '5']","['2', '3', '4', '1', '5']",5.0,5.0,"[90, 201, 0, 122, 0]"
41_17_sparse_code.cha,1,0,0,3601840,0,0,7200000,2,0,3578020,18445970,5.12,57599990,10801840,"['1', '2', '3', '4', '5']","['4', '1', '5', '3', '2']",5.0,5.0,"[273, 243, 0, 164, 0]"
42_06_sparse_code.cha,0,0,0,0,0,0,0,0,0,1423560,15385120,4.27,57599990,40791310,[],[],0.0,0.0,[]
42_07_sparse_code.cha,0,0,0,0,0,0,0,0,0,6016390,18322830,5.09,57599990,33260770,[],[],0.0,0.0,[]
42_08_sparse_code.cha,0,0,0,0,0,0,14400000,4,0,0,19500560,5.42,57599990,14400000,"['1', '2', '3', '4', '5']","['5', '1', '3', '2', '4']",5.0,5.0,"[0, 44, 73, 93, 47]"
42_09_sparse_code.cha,0,0,0,0,0,0,14400000,4,0,0,21654330,6.02,57599990,14400000,"['1', '2', '3', '4', '5']","['2', '4', '3', '1', '5']",5.0,5.0,"[136, 51, 87, 160, 0]"
42_10_sparse_code.cha,0,0,0,0,0,0,14061780,4,0,337640,28957160,8.14,57599990,14061780,"['1', '2', '3', '4', '5']","['4', '2', '5', '1', '3']",5.0,5.0,"[103, 208, 0, 130, 67]"
42_11_sparse_code.cha,1,0,0,2374980,0,0,12030140,4,0,2369860,22699660,6.31,57599990,14405120,"['1', '2', '3', '4', '5']","['4', '1', '2', '3', '5']",5.0,5.0,"[145, 96, 94, 85, 90]"
42_12_sparse_code.cha,1,0,0,3143510,0,0,11264210,4,0,3132030,26589650,8.26,57599990,14407720,"['1', '2', '3', '4', '5']","['4', '1', '2', '5', '3']",5.0,5.0,"[182, 103, 4, 101, 121]"
42_13_sparse_code.cha,0,0,0,0,0,0,14400000,4,0,0,25150300,6.99,57599990,14400000,"['1', '2', '3', '4', '5']","['1', '3', '5', '4', '2']",5.0,5.0,"[173, 202, 0, 85, 88]"
42_14_sparse_code.cha,0,0,0,0,0,0,10773700,3,0,0,18026290,5.01,57599990,10773700,"['1', '2', '3', '4', '5']","['4', '5', '1', '3', '2']",5.0,5.0,"[0, 0, 153, 175, 232]"
42_15_sparse_code.cha,0,0,0,0,0,0,10800000,3,0,0,21805110,6.06,57599990,10800000,"['1', '2', '3', '4', '5']","['2', '1', '5', '3', '4']",5.0,5.0,"[144, 241, 0, 221, 0]"
42_16_sparse_code.cha,0,0,0,0,0,0,10800000,3,0,0,17593610,4.89,57599990,10800000,"['1', '2', '3', '4', '5']","['3', '4', '2', '1', '5']",5.0,5.0,"[121, 0, 198, 148, 0]"
42_17_sparse_code.cha,1,0,0,3600440,0,0,7200000,2,0,3597220,19230030,5.34,57599990,10800440,"['1', '2', '3', '4', '5']","['2', '5', '1', '4', '3']",5.0,5.0,"[423, 0, 250, 162, 0]"
43_06_sparse_code.cha,0,0,0,0,0,0,0,0,0,10877260,1939940,0.54,38401490,25584290,[],[],0.0,0.0,[]
43_07_sparse_code.cha,0,0,0,0,0,0,0,0,0,0,14925340,4.15,54478240,39552900,[],[],0.0,0.0,[]
43_08_sparse_code.cha,1,0,0,676720,0,0,14400000,4,0,0,5803390,1.61,45837800,15076720,"['1', '2', '3', '4', '5']","['4', '5', '1', '3', '2']",5.0,5.0,"[40, 16, 57, 37, 2]"
43_09_sparse_code.cha,1,0,0,720550,0,0,13577280,4,0,740190,8813850,2.45,56998860,14297830,"['1', '2', '3', '4', '5']","['1', '2', '5', '3', '4']",5.0,5.0,"[55, 52, 14, 15, 16]"
43_10_sparse_code.cha,0,0,0,0,0,0,14400000,4,0,0,16583830,4.61,50684490,14400000,"['1', '2', '3', '4', '5']","['5', '3', '1', '4', '2']",5.0,5.0,"[0, 38, 61, 46, 29]"
43_11_sparse_code.cha,1,0,0,950790,0,0,13457280,4,0,942720,8754600,2.43,47892800,14408070,"['1', '2', '3', '4', '5']","['3', '1', '5', '2', '4']",5.0,5.0,"[113, 32, 20, 20, 41]"
43_12_sparse_code.cha,0,0,0,0,0,0,14400000,4,0,0,12882320,3.58,41274300,14400000,"['1', '2', '3', '4', '5']","['1', '4', '2', '5', '3']",5.0,5.0,"[97, 36, 107, 0, 71]"
43_13_sparse_code.cha,1,0,0,1074330,0,0,13025040,4,0,1375270,6974950,1.94,45180610,14099370,"['1', '2', '3', '4', '5']","['5', '1', '2', '4', '3']",5.0,5.0,"[22, 198, 53, 51, 52]"
43_14_sparse_code.cha,0,0,0,0,0,0,10800000,3,0,0,10806520,3.0,43200000,10800000,"['1', '2', '3', '4', '5']","['5', '3', '1', '4', '2']",5.0,5.0,"[0, 56, 36, 0, 111]"
43_15_sparse_code.cha,0,0,0,0,0,0,10800000,3,0,0,5996880,1.67,42474860,10800000,"['1', '2', '3', '4', '5']","['4', '1', '2', '3', '5']",5.0,5.0,"[0, 62, 65, 171, 0]"
43_16_sparse_code.cha,0,0,0,0,0,0,10551620,3,0,0,14204590,3.95,45871800,10551620,"['1', '2', '3', '4', '5']","['3', '4', '2', '5', '1']",5.0,5.0,"[96, 0, 162, 0, 132]"
43_17_sparse_code.cha,0,0,0,0,0,0,10800000,3,0,0,6845070,1.9,47250360,10800000,"['1', '2', '3', '4', '5']","['1', '2', '5', '4', '3']",5.0,5.0,"[105, 151, 0, 0, 221]"
44_06_sparse_code.cha,0,0,0,0,0,0,0,0,0,3016900,29538770,8.21,57599990,25044320,[],[],0.0,0.0,[]
44_07_sparse_code.cha,0,0,0,0,0,0,0,0,0,0,10744180,2.98,39724680,28980500,[],[],0.0,0.0,[]
44_08_sparse_code.cha,0,0,0,0,0,0,14068550,4,0,0,21304940,5.92,44400000,14068550,"['1', '2', '3', '4', '5']","['3', '2', '5', '1', '4']",5.0,5.0,"[1, 22, 0, 10, 14]"
44_09_sparse_code.cha,0,0,0,0,0,0,14400000,4,0,0,5591010,1.55,40095360,14400000,"['1', '2', '3', '4', '5']","['3', '5', '2', '4', '1']",5.0,5.0,"[5, 0, 24, 34, 5]"
44_10_sparse_code.cha,0,0,0,0,0,0,14400000,4,0,0,30084500,8.36,57599990,14400000,"['1', '2', '3', '4', '5']","['5', '1', '4', '3', '2']",5.0,5.0,"[0, 13, 9, 21, 72]"
44_11_sparse_code.cha,0,0,0,0,0,0,14036030,4,0,0,10118010,2.81,45651550,14036030,"['1', '2', '3', '4', '5']","['1', '2', '4', '3', '5']",5.0,5.0,"[13, 69, 42, 18, 0]"
44_12_sparse_code.cha,0,0,1,0,0,378920,14400000,4,0,0,6272380,1.74,41403800,14400000,"['1', '2', '3', '4', '5']","['4', '2', '1', '5', '3']",5.0,5.0,"[115, 12, 14, 0, 29]"
44_13_sparse_code.cha,0,0,0,0,0,0,14400000,4,0,0,4630900,1.29,46806240,14400000,"['1', '2', '3', '4', '5']","['4', '5', '1', '2', '3']",5.0,5.0,"[19, 0, 70, 27, 123]"
44_14_sparse_code.cha,1,5,0,3600510,2318550,0,4879910,3,0,5919390,240740,0.07,40144050,10798970,"['1', '2', '3', '4', '5']","['2', '3', '5', '1', '4']",5.0,5.0,"[47, 27, 66, 20, 0]"
44_15_sparse_code.cha,0,0,0,0,0,0,10800000,3,0,0,7822740,2.17,33907430,10800000,"['1', '2', '3', '4', '5']","['3', '2', '4', '1', '5']",5.0,5.0,"[64, 56, 0, 48, 0]"
44_16_sparse_code.cha,0,0,0,0,0,0,10800000,3,0,0,10338050,2.87,37327860,10800000,"['1', '2', '3', '4', '5']","['1', '4', '2', '3', '5']",5.0,5.0,"[146, 0, 220, 80, 0]"
44_17_sparse_code.cha,0,0,0,0,0,0,10800000,3,0,0,10760250,2.99,33900000,10800000,"['1', '2', '3', '4', '5']","['2', '1', '3', '5', '4']",5.0,5.0,"[57, 97, 58, 0, 0]"
45_06_sparse_code.cha,0,0,0,0,0,0,0,0,0,1187830,17914860,4.98,45795990,26693300,[],[],0.0,0.0,[]
45_07_sparse_code.cha,0,0,0,0,0,0,0,0,0,2669510,9698670,2.69,38100930,25732750,[],[],0.0,0.0,[]
45_08_sparse_code.cha,1,0,1,2220190,0,59180,12145280,4,0,974940,7306550,2.03,50055300,14365470,"['1', '2', '3', '4', '5']","['5', '2', '1', '4', '3']",5.0,5.0,"[18, 2, 14, 48, 28]"
45_09_sparse_code.cha,1,0,0,1410960,0,0,12791090,4,0,1410480,22806060,6.34,50457740,14202050,"['1', '2', '3', '4', '5']","['2', '1', '5', '3', '4']",5.0,5.0,"[29, 19, 17, 10, 23]"
45_10_sparse_code.cha,0,0,0,0,0,0,14400000,4,0,0,0,0.0,19200000,14400000,"['1', '2', '3', '4']","['3', '1', '2', '4']",4.0,4.0,"[14, 21, 4, 10]"
45_11_sparse_code.cha,0,0,0,0,0,0,14170350,4,0,0,26364700,7.32,57599990,14170350,"['1', '2', '3', '4', '5']","['3', '4', '1', '5', '2']",5.0,5.0,"[11, 20, 16, 0, 22]"
45_12_sparse_code.cha,1,0,0,900350,0,0,12995800,4,0,1404200,9225300,2.56,44279490,13896150,"['1', '2', '3', '4', '5']","['1', '5', '4', '2', '3']",5.0,5.0,"[37, 0, 33, 24, 25]"
45_13_sparse_code.cha,0,0,0,0,0,0,14399000,4,0,0,6300980,1.75,48841800,14399000,"['1', '2', '3', '4', '5']","['2', '1', '3', '5', '4']",5.0,5.0,"[47, 16, 42, 0, 42]"
45_14_sparse_code.cha,1,0,0,868290,0,0,9936250,3,0,863750,7637120,2.12,45346240,10804540,"['1', '2', '3', '4', '5']","['2', '5', '4', '3', '1']",5.0,5.0,"[84, 0, 20, 50, 144]"
45_15_sparse_code.cha,0,0,0,0,0,0,10646070,3,0,0,14303820,3.97,41708610,10646070,"['1', '2', '3', '4', '5']","['2', '5', '4', '1', '3']",5.0,5.0,"[34, 0, 0, 22, 43]"
45_16_sparse_code.cha,1,0,0,1247340,0,0,9552960,3,0,1247040,5280450,1.47,40858680,10800300,"['1', '2', '3', '4', '5']","['4', '3', '5', '2', '1']",5.0,5.0,"[6, 96, 0, 72, 27]"
45_17_sparse_code.cha,1,0,0,69520,0,0,10732230,3,0,66920,14014180,3.89,33981490,10801750,"['1', '2', '3', '4', '5']","['3', '2', '5', '4', '1']",5.0,5.0,"[75, 62, 0, 0, 123]"
46_06_sparse_code.cha,0,0,0,0,0,0,0,0,0,5643960,0,0.75,40291490,34647530,[],[],0.0,0.0,[]
46_07_sparse_code.cha,0,0,0,0,0,0,0,0,0,2831140,4556210,1.27,38550240,31162890,[],[],0.0,0.0,[]
46_08_sparse_code.cha,1,0,0,2297030,0,0,11591990,4,0,2294820,8200920,2.28,38245610,13889020,"['1', '2', '3', '4', '5']","['4', '1', '3', '2', '5']",5.0,5.0,"[26, 33, 10, 38, 47]"
46_09_sparse_code.cha,0,0,0,0,0,0,14400000,4,0,0,3776640,1.05,40520800,14400000,"['1', '2', '3', '4', '5']","['1', '2', '4', '5', '3']",5.0,5.0,"[52, 23, 33, 0, 25]"
46_10_sparse_code.cha,1,0,0,780860,0,0,13133760,4,0,1267130,6776280,1.88,39422550,13914620,"['1', '2', '3', '4', '5']","['2', '3', '4', '5', '1']",5.0,5.0,"[30, 21, 8, 1, 73]"
46_11_sparse_code.cha,0,0,0,0,0,0,14400000,4,0,0,25200330,7.0,57599990,14400000,"['1', '2', '3', '4', '5']","['5', '3', '1', '2', '4']",5.0,5.0,"[0, 65, 25, 22, 98]"
46_12_sparse_code.cha,0,0,0,0,0,0,14400000,4,0,0,10851920,3.01,39271550,14400000,"['1', '2', '3', '4', '5']","['3', '1', '2', '5', '4']",5.0,5.0,"[31, 51, 69, 0, 48]"
46_13_sparse_code.cha,0,0,0,0,0,0,14400000,4,0,0,7051700,1.96,44573740,14400000,"['1', '2', '3', '4', '5']","['3', '2', '4', '5', '1']",5.0,5.0,"[75, 98, 98, 0, 89]"
46_14_sparse_code.cha,0,0,0,0,0,0,10800000,3,0,0,12021770,3.34,38562610,10800000,"['1', '2', '3', '4', '5']","['4', '2', '3', '5', '1']",5.0,5.0,"[0, 32, 34, 0, 107]"
46_15_sparse_code.cha,0,0,0,0,0,0,10800000,3,0,0,13143620,3.65,39114490,10800000,"['1', '2', '3', '4', '5']","['2', '4', '1', '5', '3']",5.0,5.0,"[89, 0, 174, 0, 34]"
46_16_sparse_code.cha,0,0,0,0,0,0,10800000,3,0,0,6094710,1.69,39600000,10800000,"['1', '2', '3', '4', '5']","['4', '2', '5', '3', '1']",5.0,5.0,"[0, 169, 0, 138, 287]"
46_17_sparse_code.cha,0,0,0,0,0,0,10800000,3,0,0,15549170,4.32,41100000,10800000,"['1', '2', '3', '4', '5']","['3', '4', '2', '1', '5']",5.0,5.0,"[141, 0, 173, 42, 0]"
